Thumbnail URL,Reel Link,Content,Date,Video Views,Reach,Likes,Comments,Engagement,Video View time (Seconds),Avg. time watched (Seconds)
"https://scontent-lhr11-1.xx.fbcdn.net/v/t15.5256-10/761515065_2334211814051431_3031441441166277333_n.jpg?stp=dst-jpg_p160x160_tt6&_nc_cat=111&ccb=1-7&_nc_sid=200999&_nc_ohc=YVqfOhS_7qYQ7kNvwE1LjDh&_nc_oc=AdrukB4l4yMIf_NKsllUXRFmiD-jZoZvMmEzO1JMqmxz2SF9EtNcJA5Qk7GXFgFdaoA&_nc_zt=23&_nc_ht=scontent-lhr11-1.xx&edm=ADk9D8YEAAAA&_nc_gid=wrlg1ylSZ_FJUEmDLvW70g&_nc_tpa=Q5bMBQGoWBf93K3rDmdcUni7PzctBk6b2gpN815t3kMAIoYeNbRHZyK0Berq09-8HOBjlR-tZP7l2H8X&oh=00_AQG4jQNZlLBAP8PcSr3E6HbLgIh_iL76gjbl0HL5iGtF1A&oe=6A771320","https://www.facebook.com/reel/4144664145831854/","What Boots is doing right now says a lot about the future of independent pharmacy 👀

#CommunityPharmacy #IndependentPharmacy #PharmacyBusiness #PharmacyNews #TitanPMR",2026-07-31 05:00,131,0,0,0,,"816.14","6.23"
"https://scontent-lhr11-1.xx.fbcdn.net/v/t15.5256-10/759655378_1375906614498522_4259149937194482968_n.jpg?stp=dst-jpg_p160x160_tt6&_nc_cat=104&ccb=1-7&_nc_sid=200999&_nc_ohc=LKmEjkuxgIoQ7kNvwEl0cI0&_nc_oc=AdqmYRH8-UNnSJIj0zAF7mDf1VHpgyXvs3c5S_PffZv9wvxr4FiBxOLvg_BpMjTN5Ps&_nc_zt=23&_nc_ht=scontent-lhr11-1.xx&edm=ADk9D8YEAAAA&_nc_gid=wrlg1ylSZ_FJUEmDLvW70g&_nc_tpa=Q5bMBQHAnt4DgKm7IdaYMBmZnJsIx35Xln5FFpdz_6C3dMdud7r_WafiJl3wlUk45H-MFKbl2xVa19yA&oh=00_AQErUnoueuDKNglUiKnmgRYkfStKK-YDB5gBZjnxAmlhDA&oe=6A76F9E5","https://www.facebook.com/reel/936089526175882/","You never regret making the right decision. Only waiting to make it.

Thanks to Mohammad for taking the time to share your experience with us. 💙

#CommunityPharmacy #TitanPMR #PharmacyTechnology #IndependentPharmacy #Titanverse",2026-07-30 05:00,50,0,1,0,,"203.69","4.07"
"https://scontent-lhr6-1.xx.fbcdn.net/v/t15.5256-10/759002307_2834910316873270_1706763033781131333_n.jpg?stp=dst-jpg_p160x160_tt6&_nc_cat=103&ccb=1-7&_nc_sid=200999&_nc_ohc=qSWAWLUMQpAQ7kNvwHNftSi&_nc_oc=AdrqONBmMR1ybyiO8wL8BflJKy3e97Q17bOVzfGKwspsgYMfFA3usVSyvzXmmUB-VEs&_nc_zt=23&_nc_ht=scontent-lhr6-1.xx&edm=ADk9D8YEAAAA&_nc_gid=wrlg1ylSZ_FJUEmDLvW70g&_nc_tpa=Q5bMBQHZg2UyMsCRtTkWFZp6_X4rAM2e-eke0VOKrDizssM8m6QdFnra-7Pg6-zdBDp1sZlwFpjBarsV&oh=00_AQEnNSdRujTJuuit2hPGYNoNZaxdpziiNayjLyffbJTlaw&oe=6A76F1C7","https://www.facebook.com/reel/1029589229707418/","The best supplier isn’t the one that promises nothing will go wrong.

It’s the one you still trust when it does.

Four years into our partnership with Avonnex, that belief has only become stronger.

Because pharmacy isn’t built on perfect days.

It’s built on how people respond when the difficult ones arrive.

As Amrik says, “The solution is not blame.”

Choose the partner, not just the product. 🤝💙🤖

#CommunityPharmacy #PharmacyAutomation #PharmacyTechnology #IndependentPharmacy #PatientCare",2026-07-29 05:00,73,0,1,0,,"578.76","7.93"
"https://scontent-lhr6-1.xx.fbcdn.net/v/t15.5256-10/757850818_37041763295467276_7957843427487675664_n.jpg?stp=dst-jpg_p168x128_tt6&_nc_cat=108&ccb=1-7&_nc_sid=200999&_nc_ohc=xaGEiHzgxKQQ7kNvwFxYfHh&_nc_oc=Adr6b8e6mPseFo36Er8hLFRHRxYqboti4zLFUgBotzXG90Ea-vZpl55cw3yU_MH38bE&_nc_zt=23&_nc_ht=scontent-lhr6-1.xx&edm=ADk9D8YEAAAA&_nc_gid=wrlg1ylSZ_FJUEmDLvW70g&_nc_tpa=Q5bMBQE1eZldPXH_tq8iJvBlpm29P89BrruKOTX9nQ5LXE-0O7hivoMlIllxFFcFKeBbeU7vkKnQ_KTn&oh=00_AQEaIl3yn7Osx9rIRJ-7jHb2uBE0LFgh6MMbQI8QmhG1CA&oe=6A76F9EF","https://www.facebook.com/reel/1030233139651581/","Building a great pharmacy is never a one-person job.

Spend five minutes at Marton Road and you quickly realise how many people have helped bring Jaya’s vision to life.

On Friday, Marton Road officially became powered by Titan. 🚀

But this story is bigger than one company.

It’s about what happens when the right partners pull in the same direction.

💙 Titan PMR
🤖 Avonnex
📱 PharmAppy

Different specialisms. One ambition. Helping independent pharmacies spend less time fighting systems and more time caring for patients.

Congratulations to Jaya and everyone who helped make it happen. 👏

We’re proud to be part of what Marton Road is building.

#CommunityPharmacy #IndependentPharmacy #PharmacyAutomation #DigitalHealth #PatientCare",2026-07-27 05:00,14,0,0,0,,"194.58","13.9"
"https://scontent-lhr6-1.xx.fbcdn.net/v/t15.5256-10/751842404_888878753806775_3751904719084321048_n.jpg?stp=dst-jpg_p160x160_tt6&_nc_cat=102&ccb=1-7&_nc_sid=200999&_nc_ohc=Rs52tJlD5kkQ7kNvwG_xgq5&_nc_oc=Adpo60PxY1Rz7VphUbpW4D70HNs3mvaX-WF0TfKwLKgDTPKatDPHu39aYWr9J-QcL2U&_nc_zt=23&_nc_ht=scontent-lhr6-1.xx&edm=ADk9D8YEAAAA&_nc_gid=wrlg1ylSZ_FJUEmDLvW70g&_nc_tpa=Q5bMBQGBI-431EEgyXg6qdjdu5S3PO6zavGc3A3ak0Nn87B759THTIczYOpddNSxH9-vQR5y9mwbEtV8&oh=00_AQEn6CAH63odgit6GSNHE13VDVj5jVoYJOFqnw4KlZnY0g&oe=6A770CB6","https://www.facebook.com/reel/1541679680146890/","Other PMRs are catching up. But what's next?

There's still gaps in pharmacy. Not just the dispensary. The business side too.

Sunil is one of the owners already ahead. His pharmacy is geared towards the future, with private services a massive part of it.

He caught up with Nas at TitanUp 26 after he'd seen what's coming to Titan next.

""The package would be complete with some of these additions.""

Titan frees pharmacies from the dispensing and the business overhead. So owners like Sunil can focus on what pharmacy is actually for. Care.

Sunil is already there. Titan is part of how. 💙

#CommunityPharmacy #IndependentPharmacy #PrivateServices #TitanPMR #Titanverse",2026-07-22 07:00,136,0,0,0,,"514.47","3.78"
"https://scontent-lhr11-1.xx.fbcdn.net/v/t15.5256-10/753356528_2188201278628694_7289847740183883942_n.jpg?stp=dst-jpg_p160x160_tt6&_nc_cat=111&ccb=1-7&_nc_sid=200999&_nc_ohc=0g1pBOzcTsUQ7kNvwH-PyLE&_nc_oc=Ado0BUNRW3R-c4eVLCq0Jwafu5qfQdb2z3rGJ283RgXCeVrD7kWhk7sUetCqKMXqAKs&_nc_zt=23&_nc_ht=scontent-lhr11-1.xx&edm=ADk9D8YEAAAA&_nc_gid=wrlg1ylSZ_FJUEmDLvW70g&_nc_tpa=Q5bMBQGcxCxB6o7XPEBNxgxbgjcAcS04F-0dlWfSoKKYu5aepIr04HLSTLQI-o4o2AHD3mRkdiAt6Dj3&oh=00_AQHjE2_0uijEDw28MZnSHqV75OTZexdTSXaUy052c1WwCw&oe=6A77093A","https://www.facebook.com/reel/1578885026952201/","Hub and spoke is becoming really topical in pharmacy. And a lot of independent pharmacy owners are weighing up which one is right for them.

Titan customers have four options:

✅ Wholesaler-run hub
✅ Third-party hub company with their own software
✅ Your own hub with specialist software
✅ Titan's own hub-and-spoke software (peer-to-peer)

Titan PMR COO Hooman explains why. Premium multi-site customers get Titan's hub-and-spoke included in the package. The external three plug into Titan via the Labelling and Packaging API.

The operating-model decision stays where it should. With you.

Book a demo. Link in the comments.

#CommunityPharmacy #IndependentPharmacy #PharmacyBusiness #HubAndSpoke #TitanPMR",2026-07-21 06:01,34,0,0,0,,"133.11","3.92"
"https://scontent-lhr11-1.xx.fbcdn.net/v/t15.5256-10/748623546_2913803215636320_729372868445879248_n.jpg?stp=dst-jpg_p160x160_tt6&_nc_cat=110&ccb=1-7&_nc_sid=200999&_nc_ohc=R61HsX0AcLMQ7kNvwEezORo&_nc_oc=AdqLFdsxYkEZ0GX925TBSPFORJAYUF8PN1BaynuHOAuB2OCqWoIB6qZBMfLKXyimTDo&_nc_zt=23&_nc_ht=scontent-lhr11-1.xx&edm=ADk9D8YEAAAA&_nc_gid=wrlg1ylSZ_FJUEmDLvW70g&_nc_tpa=Q5bMBQHi8n2iCugZS6sI4xix1KGpZs-8pmicCYtJ1seY6Ok3AnqPcIqLSmChKcE-Yafx15Olrly8BcWa&oh=00_AQFvCpxTMFLpD0KpN916BO8ZDMfpIXo56_N41L9SKCll9w&oe=6A770804","https://www.facebook.com/reel/1360024599586552/","If you've ever wondered whether your PMR and your robot are actually working together, or whether you'd have made different choices with hindsight, Friday 24 July is worth putting in the diary.

Marton Road Pharmacy is opening its doors so you can see one setup running live.

Titan PMR working alongside an Avonnex robot. Real prescriptions. Real workflows. The team on the floor.

With Jaya's blessing, we're using his pharmacy to show what a proper setup can do. A stress-free dispensary. More efficiencies. More safety. Time back for the pharmacist team to spend with the community.

Innovation Day is the chance to see whether that vision has been met.

Live demonstrations from 10am. Come, ask, draw your own conclusions.

RSVP: bit.ly/3TDec6r

📍 Marton Road Pharmacy, Bridlington
📅 Friday 24 July

#TitanPMR #InnovationDay #CommunityPharmacy #PharmacyAutomation #MartonRoadPharmacy",2026-07-16 07:00,145,0,0,0,,"700.39","4.83"
"https://scontent-lhr6-1.xx.fbcdn.net/v/t15.5256-10/746761656_2205254930313115_6627483749882872563_n.jpg?stp=dst-jpg_p160x160_tt6&_nc_cat=108&ccb=1-7&_nc_sid=200999&_nc_ohc=Bgfx2lja67MQ7kNvwHHwm43&_nc_oc=AdoBBdxt_A2uwkSfOgtIlhei54NL1F-p02enmtU60g82imNTn_K9awn6uYjXEf-73Ck&_nc_zt=23&_nc_ht=scontent-lhr6-1.xx&edm=ADk9D8YEAAAA&_nc_gid=wrlg1ylSZ_FJUEmDLvW70g&_nc_tpa=Q5bMBQGz_w6M8NTKefu08ulBhz0H3TPA8oDGyv6lPiX8P8x4PSA9U5RK_PCdK5meg9JXI8G4G-q0wT24&oh=00_AQHfAVazSGv6SDsuqObJuWo3dqtU_-hDD0cu1PrOPLC-DA&oe=6A7712D4","https://www.facebook.com/reel/1568505611392423/","Pharmacies are seeing more patients with more complex symptoms.

How do you make sure nothing serious gets missed?

At TitanUp 26, John from DemDx showed us how their clinical copilot sits inside the Titanverse consultation flow.

Open the patient consultation. The algorithm takes over:

✅ Guides the right clinical questions
✅ Flags red flags in real time
✅ Builds the safety netting as you go
✅ Generates the structured clinical note automatically

When the consultation ends, the note is already in the patient record. No extra typing. No missed steps.

Clinician-built pathways, aligned with NICE guidelines, running directly inside Titanverse. No extra tabs. No extra system.

More structure. More safety. Less admin.

Watch it running live. 👇

Dem Dx

#TitanUp26 #Titanverse #CommunityPharmacy #IndependentPharmacy #ClinicalServices #PharmacyFirst #TitanPMR",2026-07-13 12:00,18,0,0,0,,"63.04","3.5"
"https://scontent-lhr11-1.xx.fbcdn.net/v/t15.5256-10/742799316_1591350849015026_4190281136790737597_n.jpg?stp=dst-jpg_p160x160_tt6&_nc_cat=107&ccb=1-7&_nc_sid=200999&_nc_ohc=loXwrjPN6SwQ7kNvwHOS2Ez&_nc_oc=AdpUjdv7blNVBKz1wRCOoEX4PgYyAw5M5rdmD4elebE5sfs6vOnfM0nvn4-C4hmBoeY&_nc_zt=23&_nc_ht=scontent-lhr11-1.xx&edm=ADk9D8YEAAAA&_nc_gid=wrlg1ylSZ_FJUEmDLvW70g&_nc_tpa=Q5bMBQEm1LANQhqKZNTDSJL8JkCdOERYsaqIm2c2emz3p6_liW1PEQ5Up1dnGZNLhbZxifSFTs8H4E3P&oh=00_AQGqhIJl9rpPN1CqZwJyspq6Udsx1_zIGy9IgQRvs8aY7g&oe=6A76FBAD","https://www.facebook.com/reel/869903565900289/","Modern community pharmacy isn't about one thing. It's about how everything works together. On Friday 24 July, Jaya opens the doors of Marton Road Pharmacy so you can see automation, training, patient apps and services all pulling in the same direction.

Titan PMR · Avonnex · PharmAppy · Pharmsmart · Allied Health Training · Pharmacy Mentor

RSVP: bit.ly/4blykjB",2026-07-10 13:00,186,0,1,0,,"1462.58","7.86"
"https://scontent-lhr6-2.xx.fbcdn.net/v/t15.5256-10/741636138_1010099238390954_6317193798387586258_n.jpg?stp=dst-jpg_p160x160_tt6&_nc_cat=109&ccb=1-7&_nc_sid=200999&_nc_ohc=ADClyHuxT30Q7kNvwF40Ecl&_nc_oc=AdplN8nrL9yvGX_r_-ZCHmH2FNvmSYkBBnMc16WLHRQnvSs-hjah4_q4akhB0HTZJTk&_nc_zt=23&_nc_ht=scontent-lhr6-2.xx&edm=ADk9D8YEAAAA&_nc_gid=wrlg1ylSZ_FJUEmDLvW70g&_nc_tpa=Q5bMBQEB-bpjV9St7ZZYEc2UaIVMNRopc24CyhXSVYmk130_1F-Scm1eMV_1GU4YwVAWVL5YIJAQyLs4&oh=00_AQFcXB1yLGeA1yvxYotCkWOhDGitJKv0ch8YLUOqYP01kQ&oe=6A770BD8","https://www.facebook.com/reel/2395655437934700/","Last Friday, Dudley Town Pharmacy went live on Titan.

Their owner said himself that he was apprehensive about switching.

By day three?

No regrets.

Here’s where he landed after seeing the training, the technology and the support in action. 👇

#TitanPMR #CommunityPharmacy #IndependentPharmacy #PharmacyOwner",2026-07-07 07:31,101,0,0,0,,"385.79","3.82"
"https://scontent-lhr11-1.xx.fbcdn.net/v/t15.5256-10/736314262_27962533610017575_861349951554422833_n.jpg?stp=dst-jpg_p160x160_tt6&_nc_cat=101&ccb=1-7&_nc_sid=200999&_nc_ohc=EtLwIg3kRvcQ7kNvwF88QVc&_nc_oc=Adr2jAlWFwxkIWCpyYeHyPoyizngOiXpVzyUI8YNLaONdYqg8P_apCKUhyjBfD3HwnQ&_nc_zt=23&_nc_ht=scontent-lhr11-1.xx&edm=ADk9D8YEAAAA&_nc_gid=wrlg1ylSZ_FJUEmDLvW70g&_nc_tpa=Q5bMBQESw_gCbwB-RHFl5t9YE6Ce3D3eBvWSq_Yh26JQ2CPTn_BuXvYPszM8LLFxkAHYNSiM0FbLvuoX&oh=00_AQEYQ3mtuIgcozPdBW1-t4mC4p2BicT8E2lxzhBWXG3tcw&oe=6A770720","https://www.facebook.com/reel/1402485711709774/","A CD register should not become another admin job.

That is what matters about Titan CD Register.

It is not a separate bolt-on sitting outside the workflow. It is built into the same process the team is already using when a controlled drug is handed out.

Sukhi has been using it in the pharmacy, and the difference was immediate.

“It’s saved me so much time already.”

The workflow is simple enough that his locums were using it within 5 to 10 minutes.

And because it sits inside Titan, the details move with the process.

✅ Barcode scanning pulls through the batch number and expiry date
✅ eDoH on handout captures the patient details
✅ The information goes straight into Titan CD Register
✅ The CD balance stays more accurate
✅ The team avoids entering the same information twice

That is the real time saving.

Not asking the team to learn another system.

Not adding another admin layer.

Not moving the same information from one place to another.

Just removing steps from a job every pharmacy has to get right.

When Sukhi was asked what he would say to any pharmacy that has not downloaded Titan CD Register yet, his answer was simple:

“Why haven’t you?”

His point was clear.

Every pharmacy is trying to find more time in the day.

More time for services.
More time for clinical checks.
More time to work on the business.
More time away from simply getting prescriptions checked and cleared.

That is where Titan CD Register fits.

Not as another thing to manage.

As part of the workflow that gives time back.

#TitanPMR #TitanCDRegister #CommunityPharmacy #IndependentPharmacy #ControlledDrugs #PharmacyWorkflow",2026-07-03 11:32,72,0,0,0,,"317.93","4.42"
"https://scontent-lhr6-1.xx.fbcdn.net/v/t15.5256-10/736349101_2286642388738305_894917550094244244_n.jpg?stp=dst-jpg_p160x160_tt6&_nc_cat=108&ccb=1-7&_nc_sid=200999&_nc_ohc=BEp4ClYKtREQ7kNvwH8Xe7P&_nc_oc=AdrfFhY6Hgmwtc8lcGJun4ujpEYGa9VXF6bDVFS4Ee3gRW8tCFdLZ0uXxOeDTh-IIMA&_nc_zt=23&_nc_ht=scontent-lhr6-1.xx&edm=ADk9D8YEAAAA&_nc_gid=wrlg1ylSZ_FJUEmDLvW70g&_nc_tpa=Q5bMBQGLxS7sL2GwP96S7JcuejxxFMHFfg0PgUPKrKn3i0JWhLaeQIjjDKEEOMNPw8LjgNn2xzLCVb6f&oh=00_AQEYqGxQCpacVi49d0t838lUiN_kDjAH2vO41NxDrhYH2A&oe=6A771350","https://www.facebook.com/reel/2724937447888139/","Owners need to think differently about how their businesses run.

Dispensing volume is no longer enough on its own, especially with funding pressure, government changes and more services moving into community pharmacy.

Geoff Thomas is a good example of what that next stage looks like.

When we last spoke to Geoff, his two pharmacies in Newport, South Wales had grown from 2,500 items a month to 40,000.

But what stood out was not just the volume.

It was what he was building around it.

✅ Three consultation rooms already in use
✅ Two more planned at Malpas
✅ Clinics expanding into flu, smoking cessation and contraception
✅ A clear focus on freeing up pharmacists to spend more time with patients

At TitanUp 26, Geoff saw what is coming next across Titan PMR and Titanverse.

For someone already pushing hard on services, the reaction says a lot.

Because once a pharmacy has built the volume, the next challenge is building the model around it.

That is where the next stage of pharmacy begins.

#TitanPMR #Titanverse #TitanUp26 #CommunityPharmacy #IndependentPharmacy #PharmacyBusiness #ClinicalServices",2026-07-01 11:00,375,0,0,0,,"1681.13","4.48"
"https://scontent-lhr11-1.xx.fbcdn.net/v/t15.5256-10/735210692_1316139360625196_7561498766910482848_n.jpg?stp=dst-jpg_p160x160_tt6&_nc_cat=110&ccb=1-7&_nc_sid=200999&_nc_ohc=aJtZlwQ9cTsQ7kNvwF7HwU9&_nc_oc=Adp7QeVrHMtAYq195UISCC0p7AL3ABfsUNaIDULzRQjsynkfhVyhV6-8mGGhEAxVx8Y&_nc_zt=23&_nc_ht=scontent-lhr11-1.xx&edm=ADk9D8YEAAAA&_nc_gid=wrlg1ylSZ_FJUEmDLvW70g&_nc_tpa=Q5bMBQGfYyNxMDyGZCEib4YLrk-K5hX26mTamph2SUy5lBSJxtYAE1UAgTvKXmyjZNbwDk1UmuzqQ3_q&oh=00_AQE19JHfrSUtPhUejzpQSV21apZmEQjZr6xH4dbScqm6Ig&oe=6A77072C","https://www.facebook.com/reel/1335535788170136/","Feel like owning a pharmacy still means being stuck inside the day-to-day?

Prab was Titan's second customer. Now he's thinking about the next stage: stepping back, seeing the business more clearly, and becoming more of an owner than an operator.

Here's how he sees the next two to three years with Titanverse. 👇

#CommunityPharmacy #IndependentPharmacy #PharmacyBusiness #PharmacyOwner #Titanverse #TitanPMR",2026-06-29 11:00,12,0,0,0,,"117.67","9.8"
"https://scontent-lhr6-2.xx.fbcdn.net/v/t15.5256-10/733756743_2381059595714148_4604561204798073466_n.jpg?stp=dst-jpg_p160x160_tt6&_nc_cat=109&ccb=1-7&_nc_sid=200999&_nc_ohc=CEWyEA3tuj8Q7kNvwGE_zzq&_nc_oc=Adoe-XaDKfld33mF6PonKXjaxFY0OIo-76TkZ9bkGI-BY1sloWnJCVzVbuYnF1IL1fM&_nc_zt=23&_nc_ht=scontent-lhr6-2.xx&edm=ADk9D8YEAAAA&_nc_gid=wrlg1ylSZ_FJUEmDLvW70g&_nc_tpa=Q5bMBQGCZ_CLzYDHer6kQ2FlCnDZ2ECe4T0DbmkLxktMe3BBV8tRlF8HZ9Ad8MMqcqaVYXOa8XKP_x-T&oh=00_AQEPRIT_S1u_lYf5-L2DEjMtql1KXjuzZqNuHdffXxlqng&oe=6A76F973","https://www.facebook.com/reel/1784870832529226/","There is one word pharmacy still treats like it does not belong beside patient care. Watch the full talk via the link in bio, where Tariq Muhammad explains why the sector needs to say it out loud.

And his argument is not that pharmacy should care less.

It is that care needs a business model underneath it.

#CommunityPharmacy #IndependentPharmacy #PharmacyBusiness #TitanPMR",2026-06-28 11:00,210,0,0,0,,"1331.93","6.34"
"https://scontent-lhr6-1.xx.fbcdn.net/v/t15.5256-10/731823529_2098499424382640_6339953749341555418_n.jpg?stp=dst-jpg_p160x160_tt6&_nc_cat=108&ccb=1-7&_nc_sid=200999&_nc_ohc=1hk2bNE9w0YQ7kNvwHqm0f-&_nc_oc=AdpAxSl1hBgfUKtcWxPm-3CsTPsDw1jonUcpEsamUI7VCzdUO7skWblojxd1xPeBh4Y&_nc_zt=23&_nc_ht=scontent-lhr6-1.xx&edm=ADk9D8YEAAAA&_nc_gid=wrlg1ylSZ_FJUEmDLvW70g&_nc_tpa=Q5bMBQGnBYV7wV9E79pJp7b1K3BW_WYETl4NeBoXqOkdPVc4rduJdkPnSg28qdVwA0Fib2P0WDECdART&oh=00_AQHcbj5dqcBXwI-Tv2wuye5ikDXD8ebHh_9dOewj7Do3Xg&oe=6A76F43E","https://www.facebook.com/reel/1339970254155171/","Still working in your pharmacy business, rather than on it? Dervis Alkan Gurol, Director of IPCN and Superintendent Pharmacist at Sussex Pharmacies, says that is where many pharmacy owners get stuck.

When he bought his first pharmacy, his vision was clear: use NHS footfall, but build the future around private income.

The problem was finding the right platform to actually make that possible.

Different booking tools.
Different consultation tools.
Manual prescriptions.
Messages across Slack.
Four different screens.
More room for mistakes.

That is why Dervis says private services need an ecosystem.

One place where Titanverse, Titan and PharmAppy can work together, so the service can run properly from patient booking to prescription.

As Dervis put it:

“When you have one ecosystem, patient safety becomes paramount. The service delivery is exceptional.”

See how Titanverse brings it together: bit.ly/3SZsttS

#CommunityPharmacy #Titanverse #PharmAppy #PrivateServices #ClinicalServices #PharmacyBusiness #TitanUp26",2026-06-26 12:44,114,0,0,0,,"271.66","2.38"
"https://scontent-lhr6-1.xx.fbcdn.net/v/t15.5256-10/731632184_3517743948375546_3364728469686627776_n.jpg?stp=dst-jpg_p168x128_tt6&_nc_cat=103&ccb=1-7&_nc_sid=200999&_nc_ohc=xiFvnrXGw0kQ7kNvwGDHhM6&_nc_oc=Adr36xPGGV_LgnypyATBKQV7TVZg-chdbPrp11Ra2WSY6gRJlxcMsFbAtnKkmNC69Cs&_nc_zt=23&_nc_ht=scontent-lhr6-1.xx&edm=ADk9D8YEAAAA&_nc_gid=wrlg1ylSZ_FJUEmDLvW70g&_nc_tpa=Q5bMBQH9-PweIgV1ryZVQfCP2YE-RiPSEO5ch6yyzh6gNfiMFP0oJJkJlYVL9wXU54yjWXlfYG8X-W4c&oh=00_AQEpvBCLPQZwNwpAhL6TPgIgppI1k2_hRxQI17Np4Nltmg&oe=6A76FCB1","https://www.facebook.com/reel/1782263786271869/","Trying to build a more sustainable pharmacy business under squeezed NHS margins? Tariq Muhammad says it starts with being honest about the word the sector still struggles to say: bit.ly/4etsQFv

#CommunityPharmacy #IndependentPharmacy #PharmacyBusiness #TitanUp26",2026-06-25 06:00,41,0,0,0,,"147.22","3.59"
"https://scontent-lhr11-1.xx.fbcdn.net/v/t15.5256-10/728833633_901572199636799_199760530342996041_n.jpg?stp=dst-jpg_p160x160_tt6&_nc_cat=100&ccb=1-7&_nc_sid=200999&_nc_ohc=o5pSXrUEOmsQ7kNvwGUtuym&_nc_oc=AdopZzKWgh3MYwPekBl_F6Cq9xTrUscSUGjsYhURnsBc92XWwIEGLi7-TyunzChleo0&_nc_zt=23&_nc_ht=scontent-lhr11-1.xx&edm=ADk9D8YEAAAA&_nc_gid=wrlg1ylSZ_FJUEmDLvW70g&_nc_tpa=Q5bMBQFBEP2T3ri5wutf12dju1dA6ikZBB79ykG6GWXUAWMSdvMECjhZBGZWg8KEN3fr5KBKn_WsS58k&oh=00_AQFZBDQvlPhv-1xn_7rU7QkyLGNslV4TSYymAw0J0hxQXQ&oe=6A76F94C","https://www.facebook.com/reel/1057468763277774/","Running seven pharmacies could keep anyone stuck in the dispensary. Here's how Steffan John stays with patients and runs a more profitable pharmacy business. 👇

#CommunityPharmacy #IndependentPharmacy #PharmacyBusiness #PrivateServices #TitanPMR",2026-06-24 07:00,102,0,0,0,,"483.25","4.74"
"https://scontent-lhr6-2.xx.fbcdn.net/v/t15.5256-10/728951031_1025973589917095_3936544344084260745_n.jpg?stp=dst-jpg_p160x160_tt6&_nc_cat=105&ccb=1-7&_nc_sid=200999&_nc_ohc=UPCdPSXCN2wQ7kNvwHE64Hx&_nc_oc=Adpbbjnxl1AKjBfhPdYH29wwJ48lY7sKVIB0FCJBmJ9iUEOVoiM0H1EKcjtH09d2LK8&_nc_zt=23&_nc_ht=scontent-lhr6-2.xx&edm=ADk9D8YEAAAA&_nc_gid=wrlg1ylSZ_FJUEmDLvW70g&_nc_tpa=Q5bMBQEJAsirMw2GU3qhAOhGL8F4ldPb_pYkM4D5QCHFz5bpdEGI1wfZtX2PmioREs_2NlQ_zV9PUXVO&oh=00_AQF7y3QaVkFUwf5mq1pYCTcNZ5QqHFtBemiKxBIS71FUwA&oe=6A771571","https://www.facebook.com/reel/1478874387346282/","A pharmacy robotics company met a real-life humanoid robot. Here’s what happened when Meditech’s Cyrus Hodivala talked robots, pharmacy teams and the future of dispensing.

#TitanUp26 #PharmacyAutomation #CommunityPharmacy #Meditech #TitanPMR",2026-06-22 12:05,119,0,0,0,,"654.75","5.5"
"https://scontent-lhr6-1.xx.fbcdn.net/v/t15.5256-10/726606481_1049785447573400_1298505693272074106_n.jpg?stp=dst-jpg_p160x160_tt6&_nc_cat=108&ccb=1-7&_nc_sid=200999&_nc_ohc=akeNbO_0YWIQ7kNvwF8-45m&_nc_oc=Ado9RvOgY9rkh77FqIMlTiCETvA4ibykWiRr9suz9TMLB3eXh3iVgR0WALJgpw9jD8U&_nc_zt=23&_nc_ht=scontent-lhr6-1.xx&edm=ADk9D8YEAAAA&_nc_gid=wrlg1ylSZ_FJUEmDLvW70g&_nc_tpa=Q5bMBQGFgyS4Ae4QW0VeYaG1E7jVH3-t84lrmZWwfaik1Xyo-feZCrWsSto4mjn5OB_q-8Wr8IyazYza&oh=00_AQF3DC3pCqQfiZu_148f_tVPEQcIWk_Ks9L4irOvYTr1ZQ&oe=6A771BD1","https://www.facebook.com/reel/3429883147190047/","How is this pharmacy finishing by 1pm?

At Balance Pharmacy, work that used to run until 5 or 6pm is now getting done by around 1pm.

On Wednesday 24 June, you can see how.

Titan PMR and BD Rowa are hosting an Innovation Night at Balance Street Pharmacy in Uttoxeter, where Pritpal from Balance Pharmacy will show pharmacy owners how the integration works in practice.

A chance to see partnership in action.

📅 Wednesday 24 June
🕡 6:30pm to 9:00pm
📍 Balance Street Pharmacy, Uttoxeter

Register here: bit.ly/4aT2CKb",2026-06-19 13:05,145,0,0,0,,"706.87","4.87"
"https://scontent-lhr11-1.xx.fbcdn.net/v/t15.5256-10/727058889_4494970944072712_4299258359257214141_n.jpg?stp=dst-jpg_p160x160_tt6&_nc_cat=101&ccb=1-7&_nc_sid=200999&_nc_ohc=CpM0KKE-6PgQ7kNvwG5nnpB&_nc_oc=AdquCFer2_0kKOBp7yGirgGXsOAfCS7RzkJ6sIzQkuGjEba0dHP6FEguks4qRk9--Ew&_nc_zt=23&_nc_ht=scontent-lhr11-1.xx&edm=ADk9D8YEAAAA&_nc_gid=wrlg1ylSZ_FJUEmDLvW70g&_nc_tpa=Q5bMBQEz2uzjTboMqVqbSlh4aXZ1nQEzg6wExKnh3mQBZVrZRn0XwTf7HYa7OvfmPqjKEb6qX8kZQYXC&oh=00_AQG1o538CcZdXUkfkMzctuUfP0XxSadBD-c_Bt1KeD8QpA&oe=6A7717DF","https://www.facebook.com/reel/987276147528726/","One night in pharmacy you don't want to miss. 24 June.

👉 Register: https://bit.ly/4vzo2ER",2026-06-18 07:00,63,0,0,1,,"128.19","2.03"
"https://scontent-lhr11-1.xx.fbcdn.net/v/t15.5256-10/724818045_27824546363820321_1466564370402949680_n.jpg?stp=dst-jpg_p160x160_tt6&_nc_cat=100&ccb=1-7&_nc_sid=200999&_nc_ohc=LHM1JwAn_jAQ7kNvwFoGsfu&_nc_oc=Adpq2kUJJXzQ1grdCQjIATpEUpL3qpi_reZ3pjyjo6iDDO_yoyWjoBfh1Dz5SIlm9AQ&_nc_zt=23&_nc_ht=scontent-lhr11-1.xx&edm=ADk9D8YEAAAA&_nc_gid=wrlg1ylSZ_FJUEmDLvW70g&_nc_tpa=Q5bMBQFoU8B8enpC8-BtBuepAXRRq62jirYMBW61IzBiEfHggkeSuXTJYS4QQF96VjiD5-TB9xbOGEpB&oh=00_AQF_MwVK2mF2VbVXcYjlXWRgVfHWNuI3VRxeGe7YsarTpQ&oe=6A771220","https://www.facebook.com/reel/987614473879750/","What pharmacy owner gets six weeks off?

Apparently Akshay does.

He runs multiple pharmacies, and a stretch like that used to be unheard of.

A week here. Ten days there. Two weeks if he was lucky.

Now he can go for six weeks, and the business runs without him standing in the dispensary.

That is the part worth paying attention to.

Profit matters. Every business runs on it.

But getting the owner out of the back, away from labelling boxes, and back in control of their time is the bit that really lands.

Plenty of people build businesses that run without them.

Why not pharmacy owners? 👇

#PharmacyOwner #CommunityPharmacy #IndependentPharmacy #PharmacyBusiness #PharmacyLife #Pharmacist #PharmacyTikTok",2026-06-17 08:00,175,0,0,0,,"1354.09","7.74"
"https://scontent-lhr11-1.xx.fbcdn.net/v/t15.5256-10/724665680_1516700656601578_1841552741641674332_n.jpg?stp=dst-jpg_p160x160_tt6&_nc_cat=104&ccb=1-7&_nc_sid=200999&_nc_ohc=ZhKYSzG8I_QQ7kNvwEedcJX&_nc_oc=AdqKtUOwTR9A3d3e4nWfDwnwp-ROA6pEnfaRDeXDsL5cNJx6Gaj97u-xaj48EhxZLGk&_nc_zt=23&_nc_ht=scontent-lhr11-1.xx&edm=ADk9D8YEAAAA&_nc_gid=wrlg1ylSZ_FJUEmDLvW70g&_nc_tpa=Q5bMBQG3q9is6iWxwCeG_hIAvdFWm17VQB-S62zkeQgUKnwCPa4KHpBhLpgZ9azdI1-HeczFerz3oGRq&oh=00_AQHH79EM6hq70Hd8o3Aug0UOmS2Nh19R9UtLisH5EmjMLw&oe=6A770604","https://www.facebook.com/reel/1658319421944857/","What changes when independent pharmacy owners stop seeing the pharmacy next door as the competition?

That was the question Tariq opened TitanUp 26 with.

And it set the tone for the whole day. 👇

Tariq Muhammad, CEO of Titan PMR

#TitanUp26 #TitanPMR #CommunityPharmacy",2026-06-15 12:45,43,0,0,0,,"228.67","5.32"
"https://scontent-lhr6-1.xx.fbcdn.net/v/t15.5256-10/723995430_1672508514040930_337428785197681019_n.jpg?stp=dst-jpg_p160x160_tt6&_nc_cat=108&ccb=1-7&_nc_sid=200999&_nc_ohc=3EVPJBy_LOsQ7kNvwHoRVKa&_nc_oc=Adrl9ssZvkJRJiOqUEtdE_WfL1tq7gzDROCqYxSN9K7eeMGvXA7lPpCql2uIHeA1OFs&_nc_zt=23&_nc_ht=scontent-lhr6-1.xx&edm=ADk9D8YEAAAA&_nc_gid=wrlg1ylSZ_FJUEmDLvW70g&_nc_tpa=Q5bMBQG9AHUYhtck0uV2lusvb0pFpvIkVDoqVU_RoJqMzQ3kZLKiyo_O8OMmE8XMmxjnx2aabHqObOhq&oh=00_AQHnTPz21ECMcvID-fjljsfMHZuxrVAphvaNGMgiqEoi7A&oe=6A76FC31","https://www.facebook.com/reel/1324469449178708/","The first Titan PMR pharmacy in Northern Ireland. Three years in, Eoghan O'Brien tells us how it's really going. 👇

Not a short journey over from Belfast either, so it genuinely means a lot you made the trip to be with us, Eoghan. Great to have you in the room 💚

#pharmacy #communitypharmacy #pharmacyservices #PMR #Titanverse",2026-06-12 07:00,203,0,0,0,,"918.46","4.52"
"https://scontent-lhr11-1.xx.fbcdn.net/v/t15.5256-10/721666355_1734680247550778_6984124725560921308_n.jpg?stp=dst-jpg_p160x160_tt6&_nc_cat=111&ccb=1-7&_nc_sid=200999&_nc_ohc=6LMBOBnd2WQQ7kNvwFLxF25&_nc_oc=AdrL587t_nfmfl9rbPibCPOn42NoAoS854EkGINhufQnwP3-xckJtc_Ya4XK2S0DTGk&_nc_zt=23&_nc_ht=scontent-lhr11-1.xx&edm=ADk9D8YEAAAA&_nc_gid=wrlg1ylSZ_FJUEmDLvW70g&_nc_tpa=Q5bMBQHGQvBQsGxvESny83WneYHuKKmMjGkgnzsv4vtcz-fXVxJKc4Vrs5YZnxyDa8ijtuSLQMxC0V6t&oh=00_AQFg0ipDcg5JwiIHQMeFzunI3KY2hCrXHEhWW2k6cU4UPA&oe=6A76F6BD","https://www.facebook.com/reel/1354788953459334/","You'll never need a robot to answer the phones once you've got PharmAppy.

So we let one interview them instead.

A humanoid robot got chatting to Rhys and Josh at TitanUp and surprised them with how well it already knew what they do.

The response Josh gave at the end was, to say the least, very blunt. But very true.

👇",2026-06-11 13:27,237,0,0,0,,"354.24","1.49"
"https://scontent-lhr11-1.xx.fbcdn.net/v/t15.5256-10/719188801_852791041233403_6773962176010029053_n.jpg?stp=dst-jpg_p160x160_tt6&_nc_cat=100&ccb=1-7&_nc_sid=200999&_nc_ohc=KFe46znNkh0Q7kNvwHjsKTA&_nc_oc=AdpNT1om8vme8B2Bd6W8iJmU4d3z0zJNeCa85XQC3KJgCZHCvbhuWSfna1-b54Xc_Bk&_nc_zt=23&_nc_ht=scontent-lhr11-1.xx&edm=ADk9D8YEAAAA&_nc_gid=wrlg1ylSZ_FJUEmDLvW70g&_nc_tpa=Q5bMBQHAMtxu_i3EkwxtbLpQs3hBvvUVLVciyie3ENBOw7H1GD-5p0Hed0265kL3KvlOGewGvy8Xu8RT&oh=00_AQGJtSoFa5L1UizrWW6aio2gkencUh24zGziCO8HpEaDRA&oe=6A770684","https://www.facebook.com/reel/1876288429734425/","Independent pharmacy is not standing still.

And neither is Tas Bhatti.

As a founding member of IPCN, Tas has been close to the conversations that matter to independent contractors. The daily pressures. The big decisions. The constant question of how pharmacies keep moving forward when dispensing alone is no longer enough.

So it was brilliant to catch up with him at TitanUp 26.

There was plenty to get stuck into on the day.

✅ Robots and automation
✅ The future of PMRs
✅ Titanverse
✅ How pharmacy businesses are changing
✅ And, of course, the food did not go unnoticed ✨

But one of the best parts was hearing Tas talk about where he thinks pharmacy businesses are heading.

From dispensing pressure to the systems, services, and decisions that shape the whole pharmacy business.

A perspective worth hearing.",2026-06-10 07:00,209,0,0,0,,"955.56","4.57"
"https://scontent-lhr6-1.xx.fbcdn.net/v/t15.5256-10/717755062_1016166167769871_564427850837743772_n.jpg?stp=dst-jpg_p160x160_tt6&_nc_cat=103&ccb=1-7&_nc_sid=200999&_nc_ohc=kizvKcgxVzYQ7kNvwHSHg7n&_nc_oc=AdoYj-XKLo67QTsAOEEureMtGEN0tAm-kQJACFrs2VKPA8LPUEhW_gZICnBJ4yGH1Nc&_nc_zt=23&_nc_ht=scontent-lhr6-1.xx&edm=ADk9D8YEAAAA&_nc_gid=cvzTS8lG1KEPi_2ll_fe3g&_nc_tpa=Q5bMBQE_OUD7JDvx-GGiRptF64B6TR111uWXGUwmHV0qmwOo0hM3JfVcQkazhiV-Y8eAJ49aRzG8NwDP&oh=00_AQHH0DLfhg4UlC01tbAVk3DxhiSkAb_nxFWTUrTgAU7SEQ&oe=6A73787E","https://www.facebook.com/reel/2188177051996196/","Loved hearing who Rahul Gogna chose as his favourite speaker of the day.

Especially since that same speaker called it the hardest job of the day. 👀",2026-06-09 07:00,219,0,0,0,,"970.71","4.43"
"https://scontent-lhr6-1.xx.fbcdn.net/v/t15.5256-10/718587741_1327758156151141_103712795009520224_n.jpg?stp=dst-jpg_p160x160_tt6&_nc_cat=108&ccb=1-7&_nc_sid=200999&_nc_ohc=bbmgseXidqUQ7kNvwHE7nOU&_nc_oc=AdpzrgbP_Acl5zCWf0DhGFkZlRKgaf3bvgOzNO5dQbAmSpwp1aQwJxq3ID7FLxjQx-s&_nc_zt=23&_nc_ht=scontent-lhr6-1.xx&edm=ADk9D8YEAAAA&_nc_gid=cvzTS8lG1KEPi_2ll_fe3g&_nc_tpa=Q5bMBQF99wA6brahWsn1cRa_Pj5QDKfuMvffcj7dqFZIEnzn9Y5DFcKfLwl4ruO3_vZaaBSqcxt1IGtM&oh=00_AQFWRvwjaECmw8tonvkYrdsoP4Q4Xq8sdd1LEgEfMB1FyA&oe=6A734805","https://www.facebook.com/reel/27310151895340524/","What. A. Day. 🎉

The energy in that room was something else.

A line-up of speakers who gave it everything on stage, and a hall full of exhibitors who brought it to life. Some of the best in the business under one roof, showing pharmacy owners what is genuinely possible right now.

Sharp questions, real conversations, and a buzz that ran from the first coffee through to the closing line. (And yes, the food was excellent. Sajid has asked us to confirm that was all his doing.)

To everyone who made the trip, to the exhibitors who made the hall what it was, and above all to the team who pulled this together. Thank you. 💙

Here's the day. 👇

Birmingham. June 7th.

#TitanUp26",2026-06-08 12:38,83,0,0,0,,"540.08","6.51"
"https://scontent-lhr6-1.xx.fbcdn.net/v/t15.5256-10/717048059_998522695915840_7291356068528394449_n.jpg?stp=dst-jpg_p168x128_tt6&_nc_cat=103&ccb=1-7&_nc_sid=200999&_nc_ohc=wz-TCpvqF8gQ7kNvwHxEAlU&_nc_oc=AdreBDuG5UmYLMiP80v2LP0145MKfAnJiYLuGG3HUIDml97XXVSrozo5Z5WB8C6x54o&_nc_zt=23&_nc_ht=scontent-lhr6-1.xx&edm=ADk9D8YEAAAA&_nc_gid=cvzTS8lG1KEPi_2ll_fe3g&_nc_tpa=Q5bMBQGqCcYxiUyPfTfKh1jpoPIrA3Xhxpe5iQDWTQFpXv3OVzwaemVYAklxHjEOJa9f8QQWLX8qxHuY&oh=00_AQEgChoFbWiTbO9rVLjS9FNbVK6Fzrwer-VFu_eYp6G6cg&oe=6A735106","https://www.facebook.com/reel/1654450145839469/","Two days out from TitanUp 26. And the thing we cannot stop talking about isn’t on the agenda.

Not the speakers. Not the new products. Not even the food.

It’s the people. Every one of them walking through that door on Sunday.

An owner travelling over from Ireland for the day. Customers who joined us in 2019, coming back to see what’s next. Owners, superintendents, directors and community pharmacists, more than 300 of them, clearing a Sunday to be in one room.

That tells you something.

The pharmacies making moves now are not waiting for perfect conditions. They are looking at margin pressure, staffing pressure, services pressure and saying: “What are we going to do about it?”

That’s what TitanUp 26 is really about. Not just technology. The people prepared to use it properly, the operators building something stronger, the conversations that only happen when the right room comes together.

See you Sunday. 🎉

TITAN UP 26. Birmingham. 7 June.

👉 titanup.club

#TitanUp26",2026-06-05 11:00,129,0,0,0,,"255.84","1.98"
"https://scontent-lhr11-1.xx.fbcdn.net/v/t15.5256-10/710738071_1014503784443919_3725230262483934823_n.jpg?stp=dst-jpg_p160x160_tt6&_nc_cat=110&ccb=1-7&_nc_sid=200999&_nc_ohc=Xkou5j48gPYQ7kNvwFp6osd&_nc_oc=AdrHHq--QvOdjDqizCjecBG86WzWmVeBgiA1iY4TJXkGW5gAcfkSIiAwYLgLqQGwAk8&_nc_zt=23&_nc_ht=scontent-lhr11-1.xx&edm=ADk9D8YEAAAA&_nc_gid=cvzTS8lG1KEPi_2ll_fe3g&_nc_tpa=Q5bMBQFu-ghX_v5-1WdHD8yaSkk7pMoWj4bshoI7wGPs2gFdQGnoHbIJFxtQweRwRkwUlbnt3dCe-aXA&oh=00_AQFqSIC3dg_6tEJbhJon7E9uTMNULjJkAuUmLWJR0KNcIw&oe=6A7379AD","https://www.facebook.com/reel/1270922671477227/","How do you take a pharmacy built on dispensing and turn it into a modern clinical business?

That's the question Rahul Puri has been answering at Puri Pharmacy.

Two branches in Southall and Hillingdon, now run day to day by Rahul as Superintendent Pharmacist.

He's taken a long-standing community pharmacy and pushed it somewhere new.

Clinical services built into a real revenue line.
Titan and Titanverse running the workflow underneath.
A sharper website and chatbot bringing the right patients in.

NHS care and private services, grown side by side.

That's the shift this whole day is about. Rahul has been quietly living it.

At TitanUp 26 he walks through how he did it.

Rahul Puri. Superintendent Pharmacist. Puri Pharmacy.

Affinity 2. 15:15. 7 June. Birmingham.

👉 titanup.club

#TitanUp26 #PharmacyBusiness #PrivateServices",2026-05-29 11:00,15,0,0,0,,"56.42","3.76"
"https://scontent-lhr11-1.xx.fbcdn.net/v/t15.5256-10/708517202_1002438285696428_349765045510314633_n.jpg?stp=dst-jpg_p160x160_tt6&_nc_cat=104&ccb=1-7&_nc_sid=200999&_nc_ohc=xt4HJ9xc2tAQ7kNvwGhco3o&_nc_oc=Adq08U5zhO4_bxAYVHDUh8qvdNPAQT42bJY0IieQTCAGz5-dsxB0q0CnZEAqavx7NOA&_nc_zt=23&_nc_ht=scontent-lhr11-1.xx&edm=ADk9D8YEAAAA&_nc_gid=cvzTS8lG1KEPi_2ll_fe3g&_nc_tpa=Q5bMBQG3Knfm7gVJbm_GcmzAUF15sY85ot42xz58AHwvRS_bul7pfWiPt0LHw2ZQ2p7yRbMkGqQOTASz&oh=00_AQGFHPM3VXBKqoYrDXr_xzMzUhDJ3tmkI3-sb1K0JiNJrg&oe=6A734EE3","https://www.facebook.com/reel/2967598203429933/","Victoria Steele steered clinical governance for 1,400 LloydsPharmacy branches.

Then through the acquisition that moved 10 million patients into Hallo Healthcare Group, with approvals secured from the GPhC, MHRA and beyond.

That's the kind of work that teaches you what actually separates pharmacy vision from pharmacy profit. Compliance that survives scrutiny. Governance that supports growth instead of stalling it. Cultures that prioritise accountability, safety and performance at the same time.

Now Victoria runs Steelier, advising pharmacy owners, investors and private equity on how to navigate regulatory complexity without losing the room to grow.

At TitanUp 26, she co-hosts From Vision to Profit with Michael Holden. Modern Community Pharmacy Practice, the framework they built together to take owners through an honest self-assessment of their business and out the other side with a roadmap.

Affinity 1. 14:50. 7 June. Birmingham.

👉 titanup.club

#TitanUp26 #PharmacyLeadership",2026-05-28 07:00,10,0,0,0,,"41.25","4.12"
"https://scontent-lhr11-1.xx.fbcdn.net/v/t15.5256-10/706759713_2149492575850591_2782213741780547100_n.jpg?stp=dst-jpg_p160x160_tt6&_nc_cat=100&ccb=1-7&_nc_sid=200999&_nc_ohc=aa_ELblxjO8Q7kNvwF644ic&_nc_oc=AdqXTFG1g6tPt_Q5A2xGkOIMRr9qjN7VjS1l5aqFMesI1b8VzVV7qNs4tRpKzOdv1Fw&_nc_zt=23&_nc_ht=scontent-lhr11-1.xx&edm=ADk9D8YEAAAA&_nc_gid=cvzTS8lG1KEPi_2ll_fe3g&_nc_tpa=Q5bMBQHxmTjdufuiBXzxgYxdaTtu9BDDJiAzVgyxdUGpzThjPN4tazS8TBwjDepyvlts5wX2wHiVvoHg&oh=00_AQGqNsdjm18Paldah0XRSYQCVXKjQuVSifh_hArJE27xOw&oe=6A736A38","https://www.facebook.com/reel/999064076345121/","The future of pharmacy falls into the hands of the pharmacy owners. That's what Michael Holden believes.

His answer is four words:

Vision. Strategy. Execution. Profit.

One business strategy for modern community pharmacy.

Michael Holden's session at TitanUp 26 is built around six elements that turn vision into profit:

✅ Leadership. Climate and culture.
✅ Team. Skill-mix and delegation.
✅ Services. Funded, private, governed.
✅ Technology. Integrated, not bolted on.
✅ Self-care. Environment, ethos, inventory.
✅ Roadmap. Critical steps to execution.

A strategy for now and the future.

One of the main drivers behind the Healthy Living Pharmacy initiative. Over 45 years in pharmacy. Pharmacy Business Lifetime Contribution Award, October 2024.

Co-hosted with Victoria Steele.

Affinity 1. 14:50. 7 June. Birmingham.

👉 titanup.club

#TitanUp26 #PharmacyLeadership",2026-05-26 11:20,15,0,0,0,,"37.76","2.52"
"https://scontent-lhr6-2.xx.fbcdn.net/v/t15.5256-10/706981419_1678915596773483_7581239366905283910_n.jpg?stp=dst-jpg_s160x160_tt6&_nc_cat=109&ccb=1-7&_nc_sid=200999&_nc_ohc=pkv4tn5ypZEQ7kNvwG0SoAS&_nc_oc=Adrq2Eb0yYyUgNC8Du1z5jtU9W_tKMYpRRx28poq-grzCZkL8QmPBDlTBXkHI_CXW5M&_nc_zt=23&_nc_ht=scontent-lhr6-2.xx&edm=ADk9D8YEAAAA&_nc_gid=cvzTS8lG1KEPi_2ll_fe3g&_nc_tpa=Q5bMBQGB3hJ8hjxFf3O-RECD-DAD5-QiPItp4f7LEPqtuzISjnC6QPIbUj_HhFSBpkzva9IzgGYEmCaC&oh=00_AQFg9ijbwvLYr1u7NEU4ycj4Ikgq71udkXU3XPJGMX_ffw&oe=6A736EDB","https://www.facebook.com/reel/1529276762158798/","Theory won't run your private clinic.

Allied Health Training is the training and education provider built for that gap:

✅ Hands-on
✅ Practical
✅ Immersive

Comprehensive, specialised programmes designed for the clinical areas modern pharmacy practice is being asked to deliver.

Co-founders Abdullah Bhana and Ishaq Goga will be on the stand. Come and explore upcoming courses. Have a chat about your team's development needs.

A one-off, on-the-day discount for everyone who stops by.

Birmingham. 7 June.

👉 titanup.club

Allied Health Training Abdullah Bhana Ishaq Goga

#TitanUp26 #CommunityPharmacy #PharmacyTraining",2026-05-25 13:00,19,0,0,0,,"60.69","3.19"
"https://scontent-lhr11-1.xx.fbcdn.net/v/t15.5256-10/705399826_907488029011558_6268543204333634066_n.jpg?stp=dst-jpg_s160x160_tt6&_nc_cat=111&ccb=1-7&_nc_sid=200999&_nc_ohc=Kii1CsFlA_oQ7kNvwGYHlag&_nc_oc=AdqYq7JZN0euA7g2GHAstJkOjdWbWxNXJqgAhf-_7B77AWxemTsjel3IdlNa7f05beU&_nc_zt=23&_nc_ht=scontent-lhr11-1.xx&edm=ADk9D8YEAAAA&_nc_gid=cvzTS8lG1KEPi_2ll_fe3g&_nc_tpa=Q5bMBQGIQMv7zEwFdH7i5wT_0lwWEliybw4Jx-FPo8mz0e63H1_7BQjbtxfQU2EskD0umbmpygZ_TIxg&oh=00_AQE2Fj6PrdkGXBG9gSINLb94Y7uGijZCt0buhc-gzVyUUw&oe=6A7366C1","https://www.facebook.com/reel/986956593709598/","For a patient to book a service.

They need to know it exists.

Visibility could be the difference between your service uptake and the pharmacy down the road.

Healthpoint TV have been building pharmacy-specific screens for 25 years:

✅ Tailored creative
✅ Service-led messaging
✅ Same-day changes

Patients ask about ear care once they see ear care. They ask about weight loss once they see weight loss. Visibility on the window turns into walk-ins at the counter.

Ranjit Gill will be on Stand 12. Come and talk about what your pharmacy is trying to grow.

Birmingham. June 7th.

👉 titanup.club

Health Care Point TV Ranjit Mallick Gill

#TitanUp26 #PharmacyMarketing",2026-05-24 07:00,8,0,0,0,,"13.85","1.73"
"https://scontent-lhr11-1.xx.fbcdn.net/v/t15.5256-10/705229234_2162891704548661_4163961512065953163_n.jpg?stp=dst-jpg_s160x160_tt6&_nc_cat=104&ccb=1-7&_nc_sid=200999&_nc_ohc=iHD-wvwpib4Q7kNvwHi2KoG&_nc_oc=AdoIbq1gXy5YU8YWP40UjxVHfTMV2ZGzfZrT6eGt3Y6lUzQm3B-sAaYe7Nv7NugevGM&_nc_zt=23&_nc_ht=scontent-lhr11-1.xx&edm=ADk9D8YEAAAA&_nc_gid=cvzTS8lG1KEPi_2ll_fe3g&_nc_tpa=Q5bMBQGjpWuJoMBlPagNSIaW2pOUsLWE1DozEQTgc8BJYb4uZOFBhCTOmEJUwQeo-2GQy4N6fvw6u0dj&oh=00_AQGPtUlDXfJZ9lQ3txMziBvpK0O1un6RQQS-iBE-ErlAgw&oe=6A735024","https://www.facebook.com/reel/2239525570191496/","If you work in community pharmacy, there are two people worth getting to know.

Both are independent pharmacy contractors.

Both are board members at IPCN.

The only co-operative member-owned pharmacy contractor organisation in the sector.

A group that believes in collaboration over competition.

Owned by contractors. Run by contractors. For contractors.

An ethos of collective support to move the sector forward. Working together, sharing insights, supporting one another.

What that looks like in practice:

Specialised peer-support groups across:

✅ Pharmacy acquisition
✅ NHS contract support
✅ Staff management
✅ IT and PMRs
✅ Robots and automation
✅ Clinical support
✅ Locum shifts
✅ Foundation year

Members sharing what's worked and what hasn't, openly with each other.

They also lobby CPE, DHSC and national bodies, and run grassroots campaigns on the structural challenges facing independents.

Catch Tas Bhatti and Dervis Gurol at Stand 19.

No big demo. Just a useful conversation.

Birmingham. 7 June.

👉 titanup.club

#TitanUp26 #CommunityPharmacy #IndependentPharmacy",2026-05-22 07:00,14,0,1,0,,"132.59","9.47"
"https://scontent-lhr11-1.xx.fbcdn.net/v/t15.5256-10/704972185_993630459784046_1165783460181051026_n.jpg?stp=dst-jpg_p160x160_tt6&_nc_cat=110&ccb=1-7&_nc_sid=200999&_nc_ohc=fKbW_s2Y7O4Q7kNvwFU_xNj&_nc_oc=AdqpUKG7xB4shOTYj5ztSYuEJgjtNeqeickNkQfUspNLbfSutynKLE09SF0yLvN_M8w&_nc_zt=23&_nc_ht=scontent-lhr11-1.xx&edm=ADk9D8YEAAAA&_nc_gid=cvzTS8lG1KEPi_2ll_fe3g&_nc_tpa=Q5bMBQE-sJOBbrloQCcUSr68qdqrnhUo3dHo8AUzTSPbph0XWzerVLpbjGU5UNyyIpw1_itvPRqf1tb8&oh=00_AQG7U6podlgoBgIdYO5pz8VJAPnsStSivC58WjZoahoBaA&oe=6A7379DD","https://www.facebook.com/reel/1357265412920626/","Private pharmacy services come with huge potential.

But they also move more responsibility onto the pharmacy.

That’s the tension Ghulam Haydar will be unpacking at TitanUp 26.

When you design and deliver your own services, governance cannot be an afterthought. It has to run through how the service is built, delivered, recorded and reviewed.

Ghulam’s motto is simple:

Protect patients. Protect yourself. Protect your business.

And that is exactly where this session lands.

What do private services actually require if you want to scale them safely?

✅ Is the service clinically safe?
✅ Is the team trained to deliver it?
✅ Can the workflow stand up to pressure?
✅ Is the digital system built for the risk?

Ghulam will show how TitanVerse helps build those expectations into the everyday delivery of pharmacy services.

So growth does not depend on crossed fingers, scattered records or systems that were never built for the job.

Ghulam Haydar.
Director for Governance and Compliance, Allied Health Training.

Affinity 1. 14:25. 7 June. Birmingham.

👉 titanup.club

Allied Health Training Ghulam Haydar

#TitanUp26 #PharmacyGovernance #PrivateServices",2026-05-21 11:16,13,0,0,0,,"48.03","3.69"
"https://scontent-lhr6-1.xx.fbcdn.net/v/t15.5256-10/704731755_2503964610017868_7728777308602233447_n.jpg?stp=dst-jpg_s160x160_tt6&_nc_cat=103&ccb=1-7&_nc_sid=200999&_nc_ohc=Jk9EIOvU0CsQ7kNvwFUV7F-&_nc_oc=AdpG3B0MGODdaVicSPgGqgir_QgQ2Q-2Ol3JhRcdKd5fVfd1pcgfvE4HWhLR_dh51Hg&_nc_zt=23&_nc_ht=scontent-lhr6-1.xx&edm=ADk9D8YEAAAA&_nc_gid=cvzTS8lG1KEPi_2ll_fe3g&_nc_tpa=Q5bMBQGuEYZh-7z6MGs8G7AhMZnS7EE0uaokSaD9EASmvDdj0ILdLEMwfdd5O3opCV8j55lTCBhut6e7&oh=00_AQEWMeLcab68nftfMpq86tBzeimchDTKiF2zt9xkrttLVA&oe=6A736012","https://www.facebook.com/reel/1594945688273339/","Most pharmacies don't know what their own website looks like to an attacker.

Public-facing services. Email security gaps. SSL weaknesses. Credential trails.

The bits already visible online, before anyone touches a system.

That's where Cyber Seigen come in.

An independent cyber security and digital risk assurance provider supporting pharmacy, primary care and healthcare organisations.

What they do:
- Penetration testing
- DSPT support
- Cyber Essentials assessments
- Awareness training

Governance-aligned security and compliance, built for healthcare environments.

At TitanUp 26, Junaid Ali and Kam Hussain will be on the stand.

Showing how real-world phishing attacks target pharmacy teams. Attendees can test themselves against live examples.

They've also built a TitanUp 26 landing page.

30 complimentary pharmacy exposure reviews for attendees, live now at go.cyberseigen.com.

Stand [TBC]. Birmingham. 7 June.

👉 titanup.club

C y b e r Seigen Junaid Ali

#TitanUp26 #PharmacyCyber #CommunityPharmacy",2026-05-20 17:00,12,0,0,0,,"39.39","3.28"
"https://scontent-lhr11-1.xx.fbcdn.net/v/t15.5256-10/701487661_1389060466302497_2137413128264065096_n.jpg?stp=dst-jpg_s160x160_tt6&_nc_cat=111&ccb=1-7&_nc_sid=200999&_nc_ohc=WEBbZ9HByWAQ7kNvwFneNA8&_nc_oc=AdqkTWbiz7naOYlP99-EwMII7uQaEhsniNpUYUpQaUb2hWCJ4To4cMJNbgPuT6Av5Gs&_nc_zt=23&_nc_ht=scontent-lhr11-1.xx&edm=ADk9D8YEAAAA&_nc_gid=cvzTS8lG1KEPi_2ll_fe3g&_nc_tpa=Q5bMBQErN7RnTeCK-FUftRJnq0kkA431d3Zyq9V_1nIG2D6QYMge553tHU4cYsoXkf3KgTJxmUGaY7vd&oh=00_AQFmSWLVpfDIqCcw8fdisbsVLWqQ79CmzD4ub2T6BEx4Mw&oe=6A735156","https://www.facebook.com/reel/1194188052738416/","The largest apprenticeship provider in England for pharmacy-related apprenticeships.

That's Skills4Pharmacy.

A training provider dedicated to initiating and furthering the careers of Pharmacy Technicians and Pharmacy Assistants. High-quality programmes. Tutors who guide and support learners through to certification.

At TitanUp 26, Skills4Pharmacy is showing how their apprenticeship programmes are supporting employers to deliver the NHS 10 Year Plan. Developing the next generation of pharmacy professionals and helping teams stay ready for the work pharmacy is being asked to do.

Jay Crabb and Sarah Dempsey will be at Stand 7. Bring your workforce questions.

Birmingham. 7 June.

👉 titanup.club

Skills4Pharmacy

#TitanUp26 #PharmacyApprenticeships #CommunityPharmacy",2026-05-19 17:25,21,0,1,0,,"38.87","1.85"
"https://scontent-lhr11-1.xx.fbcdn.net/v/t15.5256-10/703181736_1310478304508609_1980011202926601724_n.jpg?stp=dst-jpg_p160x160_tt6&_nc_cat=110&ccb=1-7&_nc_sid=200999&_nc_ohc=rFqS-Iwxcc0Q7kNvwF2AV7V&_nc_oc=AdqAtInvgSOTbINIBiePjNLAalDJfaSIUwAZdHLF8RZ_sDM-eE3eSGv4JqMUW4W8QBo&_nc_zt=23&_nc_ht=scontent-lhr11-1.xx&edm=ADk9D8YEAAAA&_nc_gid=cvzTS8lG1KEPi_2ll_fe3g&_nc_tpa=Q5bMBQHiuOX-CjIsdMwPpTxZXXOTOBHcnGM7ROsa95DLXTox74QjUc8cxVkr6wcB3p70b4VDphb9AQcr&oh=00_AQFR1JjRGYTdQn-0k3YpNqSSYjBCxOm9C1CYK7wdI7xSzw&oe=6A737595","https://www.facebook.com/reel/2182237312633838/","UK pharmacy has spent years adding services.

What hasn't caught up is how pharmacies sell them.

Rhys Lloyd and the PharmAppy team are changing how UK pharmacies think about B2C marketing.

At TitanUp 26, Rhys is taking the stage to make the case in person.

Because pharmacy services don't grow on availability alone.

Patients need to find them.

Book them.

Pay for them.

Complete the pre-consult.

And come back again.

That's the gap PharmAppy is built to close.

A connected digital shopfront for pharmacy services, bringing together your website, app, bookings, marketing, patient engagement and PMR workflows inside TITANVERSE.

AI-powered marketing to reach the right patients at the right time.

Patient intelligence dashboards to show what's working.

New services that launch in seconds, with AI helping build the patient-facing page for you.

Already live at Priory Pharmacy with Prabjaudt and the team. Appointments, payments and pre-consults running end-to-end through the integration.

Rhys Lloyd. Co-Founder & CEO. PharmAppy.

Affinity 1. 14:00. June 7th. Birmingham.

👉 titanup.club

PharmAppy Rhys Lloyd

#TitanUp26 #PharmacyMarketing #PharmacyServices",2026-05-19 07:00,8,0,0,0,,"26.98","3.37"
"https://scontent-lhr11-1.xx.fbcdn.net/v/t15.5256-10/702213072_1017424580956763_5615146940321802996_n.jpg?stp=dst-jpg_s160x160_tt6&_nc_cat=110&ccb=1-7&_nc_sid=200999&_nc_ohc=TCq0zGRsqawQ7kNvwGyHHsq&_nc_oc=AdpGRRQVjPdVKtV1NUKb6uwWTNZeNmGve0URilOMuCPo2bNeh5zgfSfPI4e9qy0R8FE&_nc_zt=23&_nc_ht=scontent-lhr11-1.xx&edm=ADk9D8YEAAAA&_nc_gid=cvzTS8lG1KEPi_2ll_fe3g&_nc_tpa=Q5bMBQEyOX7DCgeU7Z0XKB2VcQja1qb94GbQUGO7lTSmv6ID0NBd2UEmyO_rTlciQF3doOBjczhxNSeE&oh=00_AQFD3ZA5J3nOZaf1DFRL2xfmbxjWTdE5g2KIzA4TCkFXIw&oe=6A735E01","https://www.facebook.com/reel/27064493756573216/","What do you get when 20+ years of pharmacy strategy meets board-level regulatory experience?

That's the question being answered at Stand 17 at TitanUp 26.

Michael Holden built MH Associates after 15 years owning his own community pharmacy group and three years running the National Pharmacy Association. Strategy informed by what it's actually like to dispense, hire, refit and survive.

Victoria Steele built Steelier after years leading governance through GPhC and MHRA approvals at Hallo Healthcare Group. Reality tested at board level, in regulated environments, with millions of patients on the line.

Together they've built the Modern Community Pharmacy Practice movement: a strategic business planning model designed to support the required shift from vision to profit.

At TitanUp 26, both will be at Stand 17. Walk through the model on iPad. Pick up a handout. Join the movement and embrace the model for your own pharmacy's profitable future.

Stand 17. Birmingham. 7 June.

👉 titanup.club

M & H Associates Steelier

#TitanUp26 #CommunityPharmacy #PharmacyPractice",2026-05-18 07:00,29,0,0,0,,"172.11","5.93"
"https://scontent-lhr11-1.xx.fbcdn.net/v/t15.5256-10/702094057_1471228844780399_7299421213773150829_n.jpg?stp=dst-jpg_s160x160_tt6&_nc_cat=107&ccb=1-7&_nc_sid=200999&_nc_ohc=4vJGcPhAbA8Q7kNvwE6ISAq&_nc_oc=AdpB4RYw6jT3Ga2aFFnJUiEJjNvo3cuytjGrJ7lqT6FrUnmy6sol6LbgYKviG06aEL4&_nc_zt=23&_nc_ht=scontent-lhr11-1.xx&edm=ADk9D8YEAAAA&_nc_gid=cvzTS8lG1KEPi_2ll_fe3g&_nc_tpa=Q5bMBQE-2GSywGn0T_t5CXEZnPeOOmBNYn_uKj6vjCVfSMWF170snN_hsqGBOwf3v_XWMjvq7xappnya&oh=00_AQFUxBX_TzQs_Vynukcw1NYWqeO36rH1kXoKaMJg20OVSA&oe=6A736F70","https://www.facebook.com/reel/1471717554438109/","Dispensing for care homes carries weight.

Compliance packs. Weekly cycles. MAR charts. GP sign-offs. Late dose changes mid-cycle. Audit trails for every dose.

The dispensing itself is hard enough.

The communication around it is where things break.

Camascope connects pharmacy dispensing systems, including Titan, Proscript and RxWeb, with care home planning systems like Nourish and PCS through one Care Home & Pharmacy Portal.

GP proxy ordering is built in.

3,500+ care organisations already use it.

Fewer phone calls. Fewer duplicate entries. Better visibility. A more connected care home workflow.

At TitanUp 26, Mohsin Ghori and Farhat Ali will be running live demos at Stand 18.

Full Titan integration. Barcode scanning. Simple setup. No need for additional clinical checks.

Stop by, see Camascope in action, and pick up some free merch while you're there.

Stand 18. Birmingham. 7 June.

👉 titanup.club

@Camascope

#TitanUp26 #CommunityPharmacy #CareHomes #eMAR",2026-05-17 17:00,17,0,0,0,,"37.85","2.23"
"https://scontent-lhr6-1.xx.fbcdn.net/v/t15.5256-10/702209144_1566454345004153_5696954189429906439_n.jpg?stp=dst-jpg_p160x160_tt6&_nc_cat=102&ccb=1-7&_nc_sid=200999&_nc_ohc=tFVhCc4nFtIQ7kNvwGKXMe4&_nc_oc=Adp8htXLoease4_bjsfyFoS2DomRYAos3vflND3kYugntO3OjRiwQn21bAct0CTduw8&_nc_zt=23&_nc_ht=scontent-lhr6-1.xx&edm=ADk9D8YEAAAA&_nc_gid=cvzTS8lG1KEPi_2ll_fe3g&_nc_tpa=Q5bMBQEawHilr9MOHKYB-xOiU0p3A_JtZxDBw_Hy4gouuUqgjpwKkiJHFbgvudsY_Ac0nL_N5aMgz601&oh=00_AQGHF6mB44sFzJeCUNd6rvng0QYw-EUWFCNEzB0otiSzOQ&oe=6A735721","https://www.facebook.com/reel/930635846621782/","The NHS contract alone won't build the pharmacy business most owners actually want.

That's the commercial reality Hooman Ghalamkari is tackling at TitanUp.

At 11:50, he'll cover:

→ Providing private services leads to pharmacy sustainability

→ How Titanverse supports a more commercially resilient services model

→ How Titanverse's commercials encourage growth in private services

Hooman is the COO who made sure Titan worked in real pharmacies.

Two decades on the operational side of pharmacy software. Now helping pharmacies think commercially about what comes next.

A clear, grounded session for Titan customers who want to thrive, not just survive.

June 7th. Birmingham. 11:50.

→ titanup.club

#Titanverse #TitanUp2026",2026-05-17 10:30,10,0,0,0,,"19.27","1.93"
"https://scontent-lhr6-1.xx.fbcdn.net/v/t15.5256-10/698938830_824537594063065_8089870716201632686_n.jpg?stp=dst-jpg_s160x160_tt6&_nc_cat=103&ccb=1-7&_nc_sid=200999&_nc_ohc=Q8z6j7akMTkQ7kNvwG9Mgkp&_nc_oc=AdonPZ7C3OcPD0heR5Xqpgel-gON6PfO-oXIQENnvBu7cuPhupMCOLvM_POUSQAZTQg&_nc_zt=23&_nc_ht=scontent-lhr6-1.xx&edm=ADk9D8YEAAAA&_nc_gid=cvzTS8lG1KEPi_2ll_fe3g&_nc_tpa=Q5bMBQFnLG4QOE6fx41FPLWtQIgb1zTBlWilgbCmOjQcSTtkXMaSKuV3oBFaks_uAnLauGxaksqoyoy8&oh=00_AQEtVp8OM2teChHsTCXozZWQVOrNm-_Uz-TJ6cAr2SXKWQ&oe=6A7346BE","https://www.facebook.com/reel/4042851016023788/","We're excited to see what Steve Baker and Tommy Willan are setting up for TitanUp 26.

The Sublime Group are bringing something pretty special to the room: an example of their dispensary furniture, modelled to assist the Titan workflow.

Sublime manufacture pharmacy furniture in-house from a fully equipped factory in Kent.

Their CNC machinery gives them flexibility in production and helps them create cost-effective solutions for pharmacies.

They supply dispensary and retail furniture, with full design and shopfitting services available where required.

Come and see it in person at TitanUp 26.

Stand 16. Birmingham. 7 June.

👉 titanup.club

The Big Cat Sanctuary Sublime Group

#TitanUp26 #CommunityPharmacy #PharmacyDesign #PharmacyWorkflow",2026-05-16 17:31,95,0,0,0,,"145.55","1.53"
"https://scontent-lhr11-1.xx.fbcdn.net/v/t15.5256-10/698719336_1283510373441390_5299360488336638504_n.jpg?stp=dst-jpg_s160x160_tt6&_nc_cat=111&ccb=1-7&_nc_sid=200999&_nc_ohc=mQkBHiwNVwIQ7kNvwE2KtBg&_nc_oc=AdqBXmJWqrIW2DZQtgOwpV85he8kOZToeOalOI4FW9hQ6AF4ZsA7BWwdgDfEptsyS_8&_nc_zt=23&_nc_ht=scontent-lhr11-1.xx&edm=ADk9D8YEAAAA&_nc_gid=cvzTS8lG1KEPi_2ll_fe3g&_nc_tpa=Q5bMBQFVnadikdaili08BAjHs6jwD-HUFodGSst77pNAp9KA5n6LLDeJJF--jS1enY1JaeR2GINexNRm&oh=00_AQHEVJ1gu2e9Zn12l02Td_5Q6pwHZSDOZLOoiO8yXx2C-Q&oe=6A735B97","https://www.facebook.com/reel/823163324181725/","Over 6 million Pharmacy First consultations. Independent prescribing landing this September. Private services scaling.

Three clinical lanes dispensing alone was never built to carry.

Each one demands something new.

A clinical reasoning trail.

Red-flag checks.

Documented decisions that hold up under audit.

That's what DemDx was built for.

A CE-marked clinical reasoning platform, developed by clinicians. NICE-aligned. 600+ conditions.

How DemDx helps you:
✅ Safer, smarter, more consistent clinical decisions
✅ Structured, gold-standard documentation
✅ More time back in your day

At TitanUp 26, Dr Lorin Gresser and the team will be running live demos. Walk up, run a case, see the reasoning trail form.

Stand 3. Birmingham. 7 June.

👉 titanup.club

Dem Dx

#TitanUp26 #PharmacyFirst #CommunityPharmacy",2026-05-15 08:05,12,0,0,0,,"50.25","4.19"
"https://scontent-lhr11-1.xx.fbcdn.net/v/t15.5256-10/699397060_1291191852566828_6215819928708817106_n.jpg?stp=dst-jpg_s160x160_tt6&_nc_cat=106&ccb=1-7&_nc_sid=200999&_nc_ohc=GrR6O9Oi8q0Q7kNvwHyG-Mr&_nc_oc=AdpAUuzTlyHYZCGCAvbYIaIse_Ul-7w8EosWtvjwcSDSoG958gjQCMqNetxoUqawfxo&_nc_zt=23&_nc_ht=scontent-lhr11-1.xx&edm=ADk9D8YEAAAA&_nc_gid=cvzTS8lG1KEPi_2ll_fe3g&_nc_tpa=Q5bMBQGnsXGCvxKjR0SpmA1ZFlxlFcB1h3WVpShv-85qABLxFaDdlKe5dyfjR6cL2lwhSI8-5CyNolAS&oh=00_AQFCKTYuT_1DGtp796BrIR-WdFzOOv31uIqzLcm7YD8ElA&oe=6A735655","https://www.facebook.com/reel/989065933495941/","For sixty years, one layer of pharmacy has outlasted every technology shift.

Tech keeps changing the dispensary and how teams work, but the consumables holding the workflow together still have to be right.

That work never stops.

EMT Healthcare have been delivering those consumables to thousands of pharmacies, from independents to multiples and national chains.

A trusted brand and long-term partner, they help pharmacies meet tough market demands, from managing costs to launching new innovations, delivering automations and supporting community services.

PMR labels.
MDS trays.
Drug storage.
Automation consumables.

The technology changes. The work to keep dispensing moving has to evolve with it.

At TitanUp 26, EMT will be showcasing their PMR label and accessory range, including own-brand labels designed to keep patient information clear, compliant and unmistakably theirs.

Come and meet Rich Muir and the EMT team.

Stand 2. Birmingham. 7 June.

👉 titanup.club

emt Healthcare

#TitanUp26 #CommunityPharmacy #PharmacyDispensing",2026-05-14 17:00,7,0,0,0,,"22","3.14"
"https://scontent-lhr6-2.xx.fbcdn.net/v/t15.5256-10/698888530_1511094914021996_4015975572224592304_n.jpg?stp=dst-jpg_p160x160_tt6&_nc_cat=109&ccb=1-7&_nc_sid=200999&_nc_ohc=CAvWiXNjEyQQ7kNvwFzdWm9&_nc_oc=AdqgKv9bsTqPxkNFW1lBm_BjJzi9v5LZ2KwQfablPKX4kOy86MEvfdMOq0tZZBztK38&_nc_zt=23&_nc_ht=scontent-lhr6-2.xx&edm=ADk9D8YEAAAA&_nc_gid=cvzTS8lG1KEPi_2ll_fe3g&_nc_tpa=Q5bMBQGEt5iyK173SjtCCW7t4uX_jsu1R1gteAhRtKxlXX6huIRdLULz1u9mmH7lkftcd7hfKSwNeAyF&oh=00_AQF80S8GP1B-MARtxn9l3HY0T3J3AnW8QVnS00sdngwSeA&oe=6A7345F1","https://www.facebook.com/reel/1873449753326639/","With 25+ years in the pharmacy tech game, Wahid takes the stage.

Five ideas that could change what a pharmacy business is capable of.

A first look at the ideas, demos and technology shaping the next decade of pharmacy.

The session for anyone asking what happens when technology stops being a back-office tool and starts being an active part of the team.

Wahid Muhammad. CTO. TITAN PMR.

Affinity 1. 11:00. June 7th. Birmingham.

👉 Check out the full line up for the day at titanup.club

#TitanUp26 #PharmacyTech",2026-05-14 11:06,9,0,0,0,,"19.32","2.15"
"https://scontent-lhr11-1.xx.fbcdn.net/v/t15.5256-10/699454363_3644396919036433_6770888157539486062_n.jpg?stp=dst-jpg_p160x160_tt6&_nc_cat=100&ccb=1-7&_nc_sid=200999&_nc_ohc=YDAFQvqq0GgQ7kNvwGoxd_9&_nc_oc=AdpxFXISi_JZMN04J5jQucb4Lu-J8mo8_s2O62GSW0-RA71lY5_6dXXQCY9asUZ-PoE&_nc_zt=23&_nc_ht=scontent-lhr11-1.xx&edm=ADk9D8YEAAAA&_nc_gid=cvzTS8lG1KEPi_2ll_fe3g&_nc_tpa=Q5bMBQG97HQVdCV9N7e_Va4Djic48Uhir9rN0X_7OcsKGV8bS8gdb8ynw97ehkD-G_JjwqPoUMbAkoLB&oh=00_AQEEIjuDnfFqdLHio10H-6WFDQaVASL3l3l9QuDNq7xeiw&oe=6A736502","https://www.facebook.com/reel/1504018924551931/","Heads up: going to TitanUp 26? RSVP at titanup.club

See you in Birmingham. 🎉",2026-05-13 16:11,5,0,0,0,,"12.18","2.44"
"https://scontent-lhr11-1.xx.fbcdn.net/v/t15.5256-10/696370236_28036960419237271_577962983935897511_n.jpg?stp=dst-jpg_s160x160_tt6&_nc_cat=101&ccb=1-7&_nc_sid=200999&_nc_ohc=Z4E0607qllEQ7kNvwEAoLmE&_nc_oc=Ado4SM_QXKJcp1jNpGxuqnVJ6soh1KEX-TjKJh3Icm-jDMFZQJDyQXGwAn-_HLjUbxQ&_nc_zt=23&_nc_ht=scontent-lhr11-1.xx&edm=ADk9D8YEAAAA&_nc_gid=cvzTS8lG1KEPi_2ll_fe3g&_nc_tpa=Q5bMBQG2p6VvXieaGXodqo4ZjipF8ZxDt4Y74kMDeOQ24EkGTmWjmRFWeweaJtrFI1dm2lwtulOEzwT4&oh=00_AQFtb4PEE8nm3yFZ_wVxPn-7wmMvI-Q-q_U7jr-l6XFO7g&oe=6A7360C0","https://www.facebook.com/reel/2080961085816369/","Preregshortcuts is a leading pharmacy training provider, supporting trainee pharmacists and supervisors throughout the foundation year.

95% pass rate. NHSE-approved training plan. Co-founded by pharmacists Marvin Munzu and Umar Majid.

That's why we're proud to have them sponsoring TitanUp 26.

Because foundation training shouldn't sit outside the pharmacy business. Done properly, it strengthens it.

Trainee pharmacist. Qualified pharmacist. Independent prescriber.

A clearer pathway for the person. A stronger future for the pharmacy.

On the stand:
- Free Oriel guidance
- NHSE-approved training plan
- On-demand learning, mock exams, progress tracking
- Designated supervisor and Designated Prescribing Practitioner support

For TitanUp attendees:
- 55% off the programme
- Free supervisor training
- Flexible 1-year and 6-month options for split placements
- Free goodie bags on the stand

Come and meet Marvin Munzu and the team.

Birmingham. 7 June.

👉 titanup.club

Preregshortcuts Marvin Munzu UMAR Majid

#TitanUp26 #FoundationPharmacist #PharmacyTraining #IndependentPrescribing #CommunityPharmacy",2026-05-13 10:00,23,0,0,0,,"137.07","5.96"
"https://scontent-lhr6-2.xx.fbcdn.net/v/t15.5256-10/696038296_820648060728396_6209100159697017373_n.jpg?stp=dst-jpg_p160x160_tt6&_nc_cat=109&ccb=1-7&_nc_sid=200999&_nc_ohc=-kER-iCJk88Q7kNvwH4H1IT&_nc_oc=AdoIGKX6FSNk5h9hYBBeDt02r9j1MtdNAGKI4rIdpfahAoLzU36w7hNwLxBwJPwWsGI&_nc_zt=23&_nc_ht=scontent-lhr6-2.xx&edm=ADk9D8YEAAAA&_nc_gid=cvzTS8lG1KEPi_2ll_fe3g&_nc_tpa=Q5bMBQEHDXf0Ky36IYsYbSC_NLSIRJAhEKGjSOfNtI4e25Yn-ovMxjmm_DYM57mGEpPcF2Su7VSQ6l7y&oh=00_AQGUfQbPuyxMmQ9mn44n33r_PEHLBtJr6jNK2T3st1_BhQ&oe=6A73533A","https://www.facebook.com/reel/1624201012170227/","The man who put Titan into 1,000+ pharmacies says most owners are still picking the tools before they've picked the plan.

TARIQ Muhammad opens TitanUp 26 with a reset on what a modern pharmacy business is actually for.

Finance First. 10:20. June 7. Affinity 2.

Tariq keeps coming back to one question most strategy decks skip:

What is a modern pharmacy business actually for?

Finance First is his answer.

The plan first. The systems next. The tools after.

For owners rethinking their model, this is the one to sit in.

See you in Birmingham.

👉 titanup.club

#TitanUp26 #PharmacyBusiness",2026-05-12 12:45,9,0,0,0,,"23.93","2.66"
"https://scontent-lhr11-1.xx.fbcdn.net/v/t15.5256-10/695704957_2956210424579289_7165877115671332587_n.jpg?stp=dst-jpg_s160x160_tt6&_nc_cat=106&ccb=1-7&_nc_sid=200999&_nc_ohc=dtsKqV4diKYQ7kNvwGKbWm9&_nc_oc=Adpgd4gMSdWi1codyn4tC8QQTmMe71O5ATOeuU-8xc03YduuCAjuSppWMh6rcY8XwVo&_nc_zt=23&_nc_ht=scontent-lhr11-1.xx&edm=ADk9D8YEAAAA&_nc_gid=cvzTS8lG1KEPi_2ll_fe3g&_nc_tpa=Q5bMBQHwvwuQZdleXexupzI8eQwDd15hFjT80HaS0qv_x_8K5WSbjrnn9dysRPsNz_id55auqEms-XQ-&oh=00_AQGUsG00VgxgvrLTYAlYks8sXtw5mWn_ZX6jqHbiID7wjA&oe=6A7367A0","https://www.facebook.com/reel/26428500583499117/","Meditech has over 3,500 live installations worldwide.

In the UK, 40+ Titan pharmacies are already running Meditech robots.

So it makes sense that Meditech will be at TitanUp 26.

This is where pharmacy automation stops being theory and starts being something you can walk up to.

When automation works properly, the PMR and the robot don't feel like two separate systems.

They work as one flow.

Prescription data moves cleanly. Picking is supported. Dispensing pressure drops. The team gets more time back.

At TitanUp 26, you'll be able to see that workflow up close, with a demo picking head on the stand.

Stand 21. Birmingham. 7 June.

👉 titanup.club

Medi-Tech UK & I

#TitanUp26 #PharmacyAutomation #CommunityPharmacy",2026-05-11 15:00,167,0,1,0,,"598.98","3.59"
"https://scontent-lhr6-1.xx.fbcdn.net/v/t15.5256-10/694490384_1480735763535317_4117554125669917676_n.jpg?stp=dst-jpg_s160x160_tt6&_nc_cat=103&ccb=1-7&_nc_sid=200999&_nc_ohc=NrZojEzwD-AQ7kNvwHB72t8&_nc_oc=AdrMwUqfyZeMy-jNgVPGrElzjA-PZqWaqaJgb25PcDvT8Pd2sDOgiX9SxqGLkI82kiU&_nc_zt=23&_nc_ht=scontent-lhr6-1.xx&edm=ADk9D8YEAAAA&_nc_gid=cvzTS8lG1KEPi_2ll_fe3g&_nc_tpa=Q5bMBQFPxSwPM-d_sj_wnMS8-Urd3GGG2GWp58p2MGifguYvKH6fBqBFzS12n9rTclX_gt6yR1EQ9VSo&oh=00_AQHNMWkmKZ6Pc1exvms61cCc0vkJYIwJb1cywsb9AmHgOw&oe=6A736321","https://www.facebook.com/reel/1665694588104347/","Used by 1,800+ pharmacies, PharmDel replaces paper delivery sheets, manual tracking, and disconnected updates with one connected system.

Founded by a pharmacist, it was built for the reality of pharmacy delivery:

📦 Pharmacy dashboard
🚗 Driver app
📲 Patient notifications
🔗 PMR integration
✅ Compliance tools

One connected system for safer, more accurate, more efficient deliveries.

And with its white-label patient app, pharmacies can bring more of the delivery experience under their own brand.

PharmDel is coming to TitanUp 26. You'll be able to see it running live:

📍 Stand 8
📍 Birmingham
📍 June 7th

👉 titanup.club

PharmDel

#TitanUp26 #PharmacyDelivery #CommunityPharmacy #PharmacyTechnology",2026-05-09 11:21,8,0,0,0,,"11.34","1.42"
"https://scontent-lhr11-1.xx.fbcdn.net/v/t15.5256-10/689020516_988751813604903_7033092762670848810_n.jpg?stp=dst-jpg_p160x160_tt6&_nc_cat=107&ccb=1-7&_nc_sid=200999&_nc_ohc=Pljz8Z461vcQ7kNvwHwAytL&_nc_oc=AdqsOj9FdjHcwY5JrLoI7PTgGUUeRN7e2gQI0kRY101kcQB_T3UreKlxva5OtJeB8R4&_nc_zt=23&_nc_ht=scontent-lhr11-1.xx&edm=ADk9D8YEAAAA&_nc_gid=j9CuP03-sO-o4Wd2MfdAlw&_nc_tpa=Q5bMBQE8lOVcWnGNhrYl3ZtywCyQ9_H6-BirY1u8ocwrgGIj_i6J1y3tr3vroLO7uA2kFBuVzLUiREVv&oh=00_AQFJHKHVoyqZPfZN9NEHURtfRr23wYYvtk14Zl-o1JaN2g&oe=6A73516D","https://www.facebook.com/reel/1568472474808394/","How long does it take you to do 600 to 800 items?
 
 
titanpmr.com

#TitanPMR #CommunityPharmacy #PharmacyFirst",2026-05-04 08:11,233,0,2,0,,"1522.88","6.54"
"https://scontent-lhr6-2.xx.fbcdn.net/v/t15.5256-10/684121028_1289053266649748_5355988500207616796_n.jpg?stp=dst-jpg_p160x160_tt6&_nc_cat=109&ccb=1-7&_nc_sid=200999&_nc_ohc=dd5MQ_fWbV0Q7kNvwEdSg3C&_nc_oc=AdrkmAhEBh-d09oFsvIg_gZZMNxp0hgHUkjp6ERbjg1B8K-jMfO2aHJa6Bt7arCGsjE&_nc_zt=23&_nc_ht=scontent-lhr6-2.xx&edm=ADk9D8YEAAAA&_nc_gid=j9CuP03-sO-o4Wd2MfdAlw&_nc_tpa=Q5bMBQE8EPPoLJh2aOYPAYTn-4kMmL2vRohhqjAhJdxGbAzn4kz889A8zmA5WH1lJwXe8H0YJFP6sHGU&oh=00_AQEomrnVCZziC6qtdByURWTwQVnpV9zuwR2uK5XVBu3GPg&oe=6A73737C","https://www.facebook.com/reel/26918962237791965/","""From Stone Age to Titan Age.""

24 hours. That is how long it took S&G Pharmacy to see the difference.

What they could not do in two days? Finished in less than half a day.

#TitanPMR #PharmacyTok #Dispensing #PharmacyTransformation #FYP",2026-05-01 07:17,22,0,0,0,,"181.88","8.27"
"https://scontent-lhr11-1.xx.fbcdn.net/v/t15.5256-10/679054412_2076198559592024_3126565151949025093_n.jpg?stp=dst-jpg_p160x160_tt6&_nc_cat=107&ccb=1-7&_nc_sid=200999&_nc_ohc=sV6GFkc2phMQ7kNvwG2LPLl&_nc_oc=Ado54D7a9EYUqs1mNoi5mlDstqbsf7XdKyCzsSIrwHzAgF3PcBy4JR_cxf9K8iedhHs&_nc_zt=23&_nc_ht=scontent-lhr11-1.xx&edm=ADk9D8YEAAAA&_nc_gid=j9CuP03-sO-o4Wd2MfdAlw&_nc_tpa=Q5bMBQHimff-fYfR7YyU0aU3_C5uUxj7vnHD0b7pa2W7FCn4CdbD4so8ktLT6Gk7h4NcFXYoOjNZ4zja&oh=00_AQGzBHryBCYeOSfT_kaX-oy1hZyjB6TX4k5BxRFQfhXe8Q&oe=6A737497","https://www.facebook.com/reel/1774718103489164/","Three calendars. Three chances to double-book. 🤯

Hamal was running services across three separate systems.

📅 Booking on one
📋 Tracking on another
📊 Reporting on a third

Titanverse puts it all in one place. ✅

""PharmAppy and Titanverse is the way forward.""

#Titanverse #PharmacyTok #PharmacyServices #CommunityPharmacy #FYP",2026-04-29 07:15,137,0,0,0,,"653.24","4.77"
"https://scontent-lhr6-1.xx.fbcdn.net/v/t15.5256-10/682501436_1676769756849510_5346293427558676415_n.jpg?stp=dst-jpg_p160x160_tt6&_nc_cat=108&ccb=1-7&_nc_sid=200999&_nc_ohc=CrlEiFRNtJwQ7kNvwEBXJRu&_nc_oc=Adq6RS8zU7jJTYZ8jkmM7-d6oz2kAk5RwQ8LpgTLGrUdulfZelcr-Y5wKe5afqpvgQE&_nc_zt=23&_nc_ht=scontent-lhr6-1.xx&edm=ADk9D8YEAAAA&_nc_gid=j9CuP03-sO-o4Wd2MfdAlw&_nc_tpa=Q5bMBQFyndEczYeyL3GIxtSXgyHqI5t6oo3TkmF2dJ3xpOsCoSPtsmv6wT1L9Xaq7dfRNPR4YL4F4TG0&oh=00_AQF844v6MdzcyI5y3I2_WSE91ie-p8H6f22qKDZS1BOUKw&oe=6A735023","https://www.facebook.com/reel/4367391806876083/","👇 If you weren't the funnel, where would you put your time?

Before, Geoff was the funnel at his pharmacy.

Every prescription, every check ending with him. Going home worrying he'd missed something.

Today, Malpas runs 40,000 items a month across two sites. The volume holds.

But the most interesting part is what Geoff is doing with his time now:

✅ Training his team
✅ Building out clinical services
✅ Running 4 consultation rooms today, with 2 more on the way
✅ Independent prescribers and ACTs running services every hour, nine till six

A community health centre. Not a dispensary trying to keep up.

That's what happens when the pharmacist isn't the bottleneck anymore. The work doesn't stop. It moves.

#TitanPMR #CommunityPharmacy #PharmacyServices #PharmacyWorkflow #PharmacyLeadership",2026-04-28 07:57,21,0,0,0,,"403.8","19.23"
"https://scontent-lhr6-1.xx.fbcdn.net/v/t15.5256-10/681406635_993960689645110_3626845267878912924_n.jpg?stp=dst-jpg_p160x160_tt6&_nc_cat=108&ccb=1-7&_nc_sid=200999&_nc_ohc=k8TgamFpdEQQ7kNvwGjC1wb&_nc_oc=AdoVGYGduJsLHL4jligasNm9Abv3GH28B1hhJz9ui6u2Olh9Yef94f2MLzfiIAW5cks&_nc_zt=23&_nc_ht=scontent-lhr6-1.xx&edm=ADk9D8YEAAAA&_nc_gid=j9CuP03-sO-o4Wd2MfdAlw&_nc_tpa=Q5bMBQHHe4CIa22Vf3mCL_DSdH4sCZgQlsPsA-ImcRvbwXSde7wIMJPzkf2pBunR57HLbA0v45lcr1Di&oh=00_AQEsgQ98KgN2RRRF1vhEKMbi_9Twws_ZACYnf3yo_5Dsag&oe=6A73508B","https://www.facebook.com/reel/1495384465272515/","The phone used to ring and Jeet's heart would sink.

Every call felt like the start of a complaint. A wrong label. A missed dose. Something his team had got wrong.

That's what running a pharmacy on a system you can't trust feels like 📞

Now the phones ring and his team picks up faster.

Because they know the dispense was right. Barcode scanned. Clinically checked. Logged.

So a phone call isn't a problem anymore. It's an opportunity.

A clinical service. A patient to bring in. A reason to grow.

✅ Confidence built into every dispense
✅ Errors caught before they leave the counter
✅ A team that picks up the phone, instead of dreading it

👉 titanpmr.com/join-us

#TitanPMR #CommunityPharmacy #PharmacySafety #PharmacyConfidence",2026-04-27 07:00,15,0,0,0,,"98.22","6.55"
"https://scontent-lhr6-1.xx.fbcdn.net/v/t15.5256-10/677957643_26589524280675259_3351949754675716825_n.jpg?stp=dst-jpg_s160x160_tt6&_nc_cat=108&ccb=1-7&_nc_sid=200999&_nc_ohc=OkIbE3oSzBoQ7kNvwF0XAEz&_nc_oc=AdoXPV9MQQBkmKAgFkfSJSqCx9UrucwBKVDBmr4oF9fJd6gJUR9fjGA2WgOZicVvNls&_nc_zt=23&_nc_ht=scontent-lhr6-1.xx&edm=ADk9D8YEAAAA&_nc_gid=j9CuP03-sO-o4Wd2MfdAlw&_nc_tpa=Q5bMBQF0dqxjTebXQDT_e_AX4ZHnX2-bWkBosEoIqvPOlJCoqrZtLeJnBd0BRkJMvXA-srw1jT_6_d6u&oh=00_AQGVYTEybktQr98j8e0RML6Q5EUiLqDz92UG41XgxAyuSg&oe=6A73708D","https://www.facebook.com/reel/1738699630433850/","PharmAppy is sponsoring TitanUp 26.

Here's why that matters.

Every pharmacy has a PMR.

Most don't have a patient app that actually talks to it.

So patients phone.

They phone to check if their script is ready.
They phone to book a service.
They phone to chase an order.

Every call is a minute off your team.

PharmAppy automates prescription workflows and patient communication.

Ordering, tracking and booking in the patient's hands. App and web.

Integrated with Titan PMR, Titanverse and the NHS, so nothing sits outside the system.

Removes manual admin. Reduces workload across your team.

Your phone stops ringing.

Come and see it running live. Birmingham. June 7th.

👉 titanup.club

PharmAppy Rhys Lloyd JoSH Ablett

#TitanUp26 #DigitalPharmacy #PharmacyTech #CommunityPharmacy",2026-04-23 14:11,24,0,0,0,,"80.12","3.34"
"https://scontent-lhr11-1.xx.fbcdn.net/v/t15.5256-10/675149148_1282336213374630_2185186807205043309_n.jpg?stp=dst-jpg_p160x160_tt6&_nc_cat=101&ccb=1-7&_nc_sid=200999&_nc_ohc=ko-mcgsC7YoQ7kNvwGYQ7FT&_nc_oc=AdonE8vxc1pErim3jicCNfCjcF8Dsxlmv6Jne0YsMMrGE2YiqyPqIM2KTAb6o0n9fxk&_nc_zt=23&_nc_ht=scontent-lhr11-1.xx&edm=ADk9D8YEAAAA&_nc_gid=j9CuP03-sO-o4Wd2MfdAlw&_nc_tpa=Q5bMBQHS8ajUFkZ7ldtKQrbGB3mKSU57b862ZF1q7GndGywwAtTmZpmXK9RoOh2u98Uh6X18T2leWgHs&oh=00_AQFBt3mi9wSs7sl3SYq9GmDJBy5j7pMCsGFBzVt5_Yfouw&oe=6A734D23","https://www.facebook.com/reel/2246723242798659/","They say you can’t teach an old dog new tricks.
 
 
“Very good. Saves me a lot of free time, and I can do my clinical services.”

That’s what a PMR should do.

Dispensary sorted.
Next step: Titanverse.

#TitanPMR #CommunityPharmacy #PharmacyAutomation #PharmacyWorkflow #Dispensing #PharmacyLife",2026-04-22 12:11,51,0,0,0,,"229.55","4.5"
"https://scontent-lhr6-1.xx.fbcdn.net/v/t15.5256-10/676599518_2051106062138081_1991006308845206814_n.jpg?stp=dst-jpg_p160x160_tt6&_nc_cat=103&ccb=1-7&_nc_sid=200999&_nc_ohc=UfCFHo2t-J8Q7kNvwHq4KLC&_nc_oc=AdqdU2h3MqlbrPpanc-Y1QO3Zo2lFfpHrhZnon7r8xzbFFGo3ZJYCUdjxDa4i0ZoYiA&_nc_zt=23&_nc_ht=scontent-lhr6-1.xx&edm=ADk9D8YEAAAA&_nc_gid=j9CuP03-sO-o4Wd2MfdAlw&_nc_tpa=Q5bMBQHcNSsFnBc8XLgLK94pSktrPC6o2uRYHw4fyssklrRNzINMDF5WiD_vnlfZc1azd2SJVQuynDGH&oh=00_AQFHK4-YaKuyl3t-JMNro0_9fA1JrDxXQCGWjA-9_QCmzg&oe=6A735219","https://www.facebook.com/reel/1919135788748555/","The NHS isn't in your control.

Your data is 🧠

Tariq Muhammad at Pharmacy Business Conference 2026

#TitanPMR #CommunityPharmacy #PharmacyBusiness #PBC2026",2026-04-21 08:31,20,0,0,0,,"308.92","15.45"
"https://scontent-lhr11-1.xx.fbcdn.net/v/t15.5256-10/672601300_780650148258607_2803483199300955391_n.jpg?stp=dst-jpg_p160x160_tt6&_nc_cat=100&ccb=1-7&_nc_sid=200999&_nc_ohc=T43-fPLSbV8Q7kNvwFrrGqT&_nc_oc=AdoPe-To0rPyk6Dl3AFH6X-njVCL7G7M18RylbnD4uUEzqVdaglKxBvJN9zV1Nimyug&_nc_zt=23&_nc_ht=scontent-lhr11-1.xx&edm=ADk9D8YEAAAA&_nc_gid=j9CuP03-sO-o4Wd2MfdAlw&_nc_tpa=Q5bMBQFcB5fkF7NnO0asITVHy4wAHXC14NUibQbLJT46tdoHk5QN71OY5CjUL9SsVPZcc1EEOB6EQzDN&oh=00_AQHo0GTS7GGelOn98OsVfYH6t1YcTEjPQTT0nx7lRW3bzw&oe=6A735778","https://www.facebook.com/reel/1372490954686183/","There comes a point where “that’s just how we’ve always done it” stops being good enough.

That’s why Alice, an ACT at Malpas Pharmacy, says:
“This is what we’ve been waiting for.”

Because when Titan lands, the benefits are felt across the whole team.

• The workflow runs more smoothly
• Barcode scanning adds confidence
• No more bottlenecks
• Scripts move faster
• Pharmacists are freed up for patients
• And the pharmacy feels safer, easier, and more in control

That is what modern pharmacy should feel like.

#TitanPMR #CommunityPharmacy #PharmacyWorkflow #Dispensing",2026-04-14 07:20,24,0,1,0,,"220.58","9.19"
"https://scontent-lhr11-1.xx.fbcdn.net/v/t15.5256-10/669053295_1469635271339246_1336106571056144601_n.jpg?stp=dst-jpg_p160x160_tt6&_nc_cat=101&ccb=1-7&_nc_sid=200999&_nc_ohc=o0lfRrpxI6kQ7kNvwHd6ytx&_nc_oc=AdqAshzV94QlcYvwgthoREf-M-UuVlEybbspGHvk4C36dM0-1MhgVlCd07BsTDnjtmI&_nc_zt=23&_nc_ht=scontent-lhr11-1.xx&edm=ADk9D8YEAAAA&_nc_gid=j9CuP03-sO-o4Wd2MfdAlw&_nc_tpa=Q5bMBQFckrGlLSgdHoG-zZmAHv1Y_BrSRcUA17MbZNaemhAQIJlSMs7eH0M9zdp1BXtU7yr928Ol0OOT&oh=00_AQFmILIdTg3stgcUBCyuiM3nlOD8WTdsIdjlUtrKkNGhEQ&oe=6A73610C","https://www.facebook.com/reel/1434394524645261/","Another pharmacy just left the old way behind... 👀

In every TITAN pharmacy is the same thing.

✅ Freeing up pharmacists
✅ Safer dispensing
✅ Team training to do more
✅ Services actually running

Krishna. Clifton Pharmacy.

Welcome to the family.

#TitanPMR #CommunityPharmacy #PharmacyLife #CliftonPharmacy #PoweredByTitan",2026-04-09 08:00,34,0,0,0,,"208.35","6.13"
"https://scontent-lhr11-1.xx.fbcdn.net/v/t15.5256-10/665598969_820662861087901_7257527372992009982_n.jpg?stp=dst-jpg_p160x160_tt6&_nc_cat=106&ccb=1-7&_nc_sid=200999&_nc_ohc=R8TfzJUVSXEQ7kNvwGURl-v&_nc_oc=AdrEQnvZolhoU95INk-sdxhSJG_yvyjnhfcEUCRaE09YTxegBI4yGyb9RqlKwbc0EsQ&_nc_zt=23&_nc_ht=scontent-lhr11-1.xx&edm=ADk9D8YEAAAA&_nc_gid=j9CuP03-sO-o4Wd2MfdAlw&_nc_tpa=Q5bMBQGZMrOKxu_fVqGNvg31Uc6j-zzkblWrhU6MiPlt4fEmmZhzXSn7Q84aYkqGPEOkMn-AeofljsSt&oh=00_AQG8cUCDNWCtDeIwHgVE9AVPWrY9hyZRN_jeNlJp6SyPnQ&oe=6A734D49","https://www.facebook.com/reel/3399124813580386/","Cameras and Pharmacy have more in common than we realised.",2026-04-08 10:01,24,0,0,0,,"341.27","14.22"
"https://scontent-lhr6-1.xx.fbcdn.net/v/t15.5256-10/663165892_1730603694767227_887012862478011144_n.jpg?stp=dst-jpg_p160x160_tt6&_nc_cat=108&ccb=1-7&_nc_sid=200999&_nc_ohc=58HqoYBWer0Q7kNvwEcwyHr&_nc_oc=AdoF9rQsZkq763fOkfS-KW1RRnir3C8ymOWk0wZF9ex_RTcMs_rrN2-Fys79ltl1dBc&_nc_zt=23&_nc_ht=scontent-lhr6-1.xx&edm=ADk9D8YEAAAA&_nc_gid=j9CuP03-sO-o4Wd2MfdAlw&_nc_tpa=Q5bMBQH8uFcL109MjuGX2qDgjlV0Z_HTuWAxbt2Pzn4etDrTtzNmBsBGE45ApGAJiaccT2ZxjEIokr_x&oh=00_AQEplg8L4Dp6iMBKkvNIdK38oFZw1RYN4ulCvFnnJ6Ug6A&oe=6A737B78","https://www.facebook.com/reel/931401126178451/","Seven trial branches. Batch Flow. A few weeks in.

Single-item scripts batched first.
Then double-item scripts.
A large chunk of the day's bundle work cleared early.

The multi-item prescriptions handled one by one after.

Same volume. Different shape to the day.

""Working brilliantly.""",2026-04-07 07:00,30,0,0,0,,"176.05","5.87"
"https://scontent-lhr6-1.xx.fbcdn.net/v/t15.5256-10/660919196_1253020653164387_5686867067426809564_n.jpg?stp=dst-jpg_p160x160_tt6&_nc_cat=102&ccb=1-7&_nc_sid=200999&_nc_ohc=I00WgRCKhBoQ7kNvwFHfjrr&_nc_oc=AdrXlZ3SZjkRqlxeYrXQ5SxA99oAIatlaUarWVhewtn8Tg0QAcKQFeVXkX0VvP7NE5c&_nc_zt=23&_nc_ht=scontent-lhr6-1.xx&edm=ADk9D8YEAAAA&_nc_gid=j9CuP03-sO-o4Wd2MfdAlw&_nc_tpa=Q5bMBQFC45sS_Ad4E4JqZSVVa3kDIsSqxSN-X5PEdVr2LlORVgZElwZQR8g8HW7xjvJTb0Xv4peDrBi0&oh=00_AQHbpWZLeGZj8v6y2H7PUtkL-x8yrnn69oOBHvlkyLMa6w&oe=6A736B5E","https://www.facebook.com/reel/1266241835653408/","POV: someone asks what your PMR actually does",2026-04-02 09:46,22,0,0,1,,"126.76","5.76"
"https://scontent-lhr11-1.xx.fbcdn.net/v/t15.5256-10/661707317_1449275490226660_88012279254256096_n.jpg?stp=dst-jpg_p160x160_tt6&_nc_cat=110&ccb=1-7&_nc_sid=200999&_nc_ohc=RLF4THc-2f8Q7kNvwEtpSiZ&_nc_oc=AdowG6jKBE5zk-VH_FKVJNQHn0sRKBmehg_pLat6miXkDqafUle-EEFs7hdMdJqxpG8&_nc_zt=23&_nc_ht=scontent-lhr11-1.xx&edm=ADk9D8YEAAAA&_nc_gid=j9CuP03-sO-o4Wd2MfdAlw&_nc_tpa=Q5bMBQEfe-uMR5xclo5BTNEtzby1o1MXMAR1K_1yg_ucOF4AHmM-e-2ZIer0uhyi-qU3ocavKqlCQN2M&oh=00_AQF1BMeyzjvo_tsnn85zdOdY2LLFnE9wQ8W9eRpdQT3gKA&oe=6A73533D","https://www.facebook.com/reel/1473267900906797/","TITAN comes to Birmingham this June.

To answer the biggest questions in pharmacy.

Business strategy. Industry networking.

And the reveal of something we haven't shown anyone yet.

June 7th.

titanup.club

#TitanUp2026 #TitanPMR #PharmacyOwners",2026-04-01 09:06,16,0,0,0,,"170.59","10.66"
"https://scontent-lhr6-1.xx.fbcdn.net/v/t15.5256-10/662503378_2549804525434879_2790647872957976499_n.jpg?stp=dst-jpg_p160x160_tt6&_nc_cat=108&ccb=1-7&_nc_sid=200999&_nc_ohc=XNI6kLXBcgoQ7kNvwHF4XIL&_nc_oc=AdpN9_45tkocGu3mz8Kjwl6bueeHUmmaOZmRtGw9_T6FaS90eiwaXeHzvspEI8SlC5w&_nc_zt=23&_nc_ht=scontent-lhr6-1.xx&edm=ADk9D8YEAAAA&_nc_gid=j9CuP03-sO-o4Wd2MfdAlw&_nc_tpa=Q5bMBQE-amY1aGb3gS-2FwWXgrs2l2dGHeThoBCZrW3-heq07gxt8z4izqXjnLMMTkRh7iWmFhkXYxMp&oh=00_AQENKxvtdlO_etK86oThEWTQSODHCADTAfrKsX4KB-BrEQ&oe=6A735338","https://www.facebook.com/reel/1465212758388089/","Rahul runs two pharmacies in West London.

On the weekend he ran his pharmacy out of a car park in Heathrow.

300 patients. Three days. A clear need for care.

He came to the community. Titanverse came with him.

Congratulations on the great work Rahul with PocDoc. We're happy to support the service!

#Titanverse #CommunityPharmacy #ClinicalServices #CardiovascularHealth #PharmacyFirst",2026-03-31 07:00,16,0,0,0,,"229.95","14.37"
"https://scontent-lhr6-2.xx.fbcdn.net/v/t15.5256-10/657321124_966119029163773_2559844493854248665_n.jpg?stp=dst-jpg_s160x160_tt6&_nc_cat=109&ccb=1-7&_nc_sid=200999&_nc_ohc=CmavCmvLTrAQ7kNvwETNyIX&_nc_oc=AdpXP1dyXq288RWKe6o7gGiDT9Ax9okGVu23hzw6d318tup2ydZXtTyVivN57dUTUdY&_nc_zt=23&_nc_ht=scontent-lhr6-2.xx&edm=ADk9D8YEAAAA&_nc_gid=j9CuP03-sO-o4Wd2MfdAlw&_nc_tpa=Q5bMBQELSUmwIEOAXQE6GezTXGff-_9hZgiOSjBXHVzaqGgzLHGlYNcO02ts4eIi1qkeNfbJR36fcBtU&oh=00_AQGd1L-xasnHsRAOzFbDEHgx3TLWFh83ECpUY6VzQXBw6A&oe=6A736664","https://www.facebook.com/reel/1264379342476912/","Behind every counter is a different stack.

A robot. A CD register. An eMAR. Ordering systems. Collection points.

TITAN PMR is what connects them.

Without it, your team is the connection. Separate logins. Repeated data entry. Manual tasks on every platform.

See what's connected at marketplace.titanpmr.com

#TitanPMR #CommunityPharmacy #PharmacyTechnology",2026-03-30 07:11,21,0,0,0,,"332.56","15.84"
"https://scontent-lhr11-1.xx.fbcdn.net/v/t15.5256-10/657880450_1179247797485597_5719742629570506268_n.jpg?stp=dst-jpg_p160x160_tt6&_nc_cat=104&ccb=1-7&_nc_sid=200999&_nc_ohc=K3XKDx1GQwYQ7kNvwGeq-Yb&_nc_oc=AdpBAauFXpvCIdRltcLbAHBWT8qcrcelopE5ZsdP-FUKBjVPJleIgVMUDabfPp-fOE8&_nc_zt=23&_nc_ht=scontent-lhr11-1.xx&edm=ADk9D8YEAAAA&_nc_gid=j9CuP03-sO-o4Wd2MfdAlw&_nc_tpa=Q5bMBQHVJlMrAqvSFKegr45s-v7wCT6TreWMEJKiDj7g9nXuqqTsr255ij7XjzrDvm5zv3cy24Yl3WHr&oh=00_AQETUbt0CtntpgmO4S_K2FIDC3_dQBhofDjl4ZH_lFoA8A&oe=6A736567","https://www.facebook.com/reel/2442954562823124/","Krishna, owner of Clifton Court Pharmacy.

Accurate dispensing. More time for services.

Day one.

titanpmr.com

#TitanPMR #PharmacyLife #PatientSafety #PharmacyOwner #PharmTok",2026-03-26 10:32,42,0,0,0,,"266.22","6.34"
"https://scontent-lhr6-2.xx.fbcdn.net/v/t15.5256-10/656931842_1448917466698109_1191877968052489503_n.jpg?stp=dst-jpg_p160x160_tt6&_nc_cat=105&ccb=1-7&_nc_sid=200999&_nc_ohc=P40HC4nftZsQ7kNvwE-ZOFR&_nc_oc=AdpXiWlqU1_qA6f-I1_LBOQBNSOkrrs37Qu5j-8Xll0vZi2oJJ04tVQVrRX6mc33Lyw&_nc_zt=23&_nc_ht=scontent-lhr6-2.xx&edm=ADk9D8YEAAAA&_nc_gid=j9CuP03-sO-o4Wd2MfdAlw&_nc_tpa=Q5bMBQGGLm4FUp0PyOwrnJC4io_EtWRNqQOOZCTvDCAgSa8u0dkliymTLt9OCrK6Q4ZvwvUX-IrmDaOY&oh=00_AQELd1MI82_UfixaMaIAlwhGrtV9R6NqmQZYX-KpQlyD-A&oe=6A73672B","https://www.facebook.com/reel/1340388648136448/","""It's a no brainer. Like, why haven't you done it already?""

That is Emma. Dispensing manager at Malpas Brook.

The board is what changed things.

Every prescription visible. Every stage. Still with the doctor. Part dispensed. Which basket. Which bay. Exactly where in the building.

Patients come in. They are not waiting around. They get an answer. Straightaway.

💬 Does your whole team know exactly where every prescription is right now?

#TitanPMR #CommunityPharmacy #PharmacyWorkflow #Newport",2026-03-24 07:00,296,0,5,2,,"3493","11.8"
"https://scontent-lhr11-1.xx.fbcdn.net/v/t15.5256-10/654706127_26288885497432919_8444988791769774021_n.jpg?stp=dst-jpg_p168x128_tt6&_nc_cat=106&ccb=1-7&_nc_sid=200999&_nc_ohc=5qApFcnhP8EQ7kNvwEzickr&_nc_oc=AdrSI0xt9SdhEDS0QqTqqdcunAMyDVpJHBZ6YNbmABNXzSBXgfTy7tuA8fhnK6NnFXM&_nc_zt=23&_nc_ht=scontent-lhr11-1.xx&edm=ADk9D8YEAAAA&_nc_gid=j9CuP03-sO-o4Wd2MfdAlw&_nc_tpa=Q5bMBQESs1fxt2D3b57ghD4y-CLaBDCghCB2S0XNAis77l7VTb6qb8IESpEVvxKsDDU71E1lpMpaRLti&oh=00_AQGthckAMKCMr93uvvOxzSOpILp9PHoymqFaz-0mvqs22g&oe=6A735AE1","https://www.facebook.com/reel/1473203530884087/",,2026-03-23 08:02,39,0,0,0,,"208.39","5.34"
"https://scontent-lhr11-1.xx.fbcdn.net/v/t15.5256-10/652872401_824123126625027_3896694361498082804_n.jpg?stp=dst-jpg_p160x160_tt6&_nc_cat=110&ccb=1-7&_nc_sid=200999&_nc_ohc=bATtdEuZhKQQ7kNvwGXsqDR&_nc_oc=Adq5Iybrz1g20XXtM37iN5RQpWnWPvgtrhBhOwXdVmFjvWpJ0nCmBXSspaXx6pFC29Q&_nc_zt=23&_nc_ht=scontent-lhr11-1.xx&edm=ADk9D8YEAAAA&_nc_gid=j9CuP03-sO-o4Wd2MfdAlw&_nc_tpa=Q5bMBQHVIzzclP4nCgtZSlzobY_wI4clTcOq0tRftLUDdzCHJeHRpXJEdCWpoMGzj00d2hfeuGhIW2DX&oh=00_AQFD8O6fVcSTOl8L540uVhPqFQb9yDFwVupTvNYnkopwcQ&oe=6A7353D4","https://www.facebook.com/reel/931777772932991/","“Bilal from Clifton Pharmacy says Titan’s self-check is the game changer. Less waiting. Quicker queues. Better for patients.”",2026-03-19 07:56,29,0,0,0,,"180.54","6.22"
"https://scontent-lhr11-1.xx.fbcdn.net/v/t15.5256-10/650483715_1445169147076845_7801887480577743913_n.jpg?stp=dst-jpg_s160x160_tt6&_nc_cat=110&ccb=1-7&_nc_sid=200999&_nc_ohc=e4N_uZoFCc0Q7kNvwH6L4be&_nc_oc=Adrqt2J-rYwXyPB1wJRK-TpK7ToQZGdBSSUx0Xvb5Dg1LpqpKPxyZxQBHYwvXARqhm4&_nc_zt=23&_nc_ht=scontent-lhr11-1.xx&edm=ADk9D8YEAAAA&_nc_gid=j9CuP03-sO-o4Wd2MfdAlw&_nc_tpa=Q5bMBQF48XUzWxOL_Yj8UXstzaOREKGM9bFUGSor7xrdVW7EVHpa-Gedwg6R_sry4zYr2IEYDir-KJQW&oh=00_AQHeLAAUaAHoTiqXlTIkelGAkswZZkTqHa8d5YOikU-bGA&oe=6A73649C","https://www.facebook.com/reel/1466744961456906/","Were you one of the first 100?

TitanUp 26 approvals started landing.

If that email hit your inbox,
you are in.

If you registered and have not heard yet,
more approvals are on the way. Watch your inbox.

Don't miss your chance.

titanup.club

#TitanUp26 #Pharmacy #PharmacyBusiness #UK",2026-03-18 07:00,24,0,0,0,,"67.52","2.81"
"https://scontent-lhr11-1.xx.fbcdn.net/v/t15.5256-10/651448931_1575428363684226_5443591861587287714_n.jpg?stp=dst-jpg_p160x160_tt6&_nc_cat=100&ccb=1-7&_nc_sid=200999&_nc_ohc=BHYo8QAoC0MQ7kNvwElXS2H&_nc_oc=Adp6xvPdgwlYEVyNRJ3H4yM4-Rz6uxa2J1_ePsHaeNQBHvPIJwpUVvh7XDWRyU9-DL0&_nc_zt=23&_nc_ht=scontent-lhr11-1.xx&edm=ADk9D8YEAAAA&_nc_gid=j9CuP03-sO-o4Wd2MfdAlw&_nc_tpa=Q5bMBQHT-mo_OJYQyJ0Cw_6sLGwke45TIcmyE8RpXehjFHNm0vjeM_5lcRDDbQnklEZ7uX-512fBMKx8&oh=00_AQFS-QJAkGba4uFkG92OxVzUEZxQ5H14Pfy6QnTeoAwyiQ&oe=6A735FD2","https://www.facebook.com/reel/3836671613307094/","Every time the phone rang, Jeet's heartbeat stopped 💊

Now his team are excited to answer it.

Same pharmacy. Different life.

#PharmacyTok #TitanPMR #CommunityPharmacy #PharmacyLife #FYP",2026-03-17 07:11,94,0,0,0,,"471.11","5.01"
"https://scontent-lhr11-1.xx.fbcdn.net/v/t15.5256-10/651412636_1587053019030584_6656330946512152827_n.jpg?stp=dst-jpg_p160x160_tt6&_nc_cat=100&ccb=1-7&_nc_sid=200999&_nc_ohc=j0BONWuKMLkQ7kNvwFbX_Uh&_nc_oc=AdrHeHtAwt4eTJCnR3Lhic8IOTNUs1KB8RQONNtQkZEnvEDhs_7jr8N2_MYAperRuDM&_nc_zt=23&_nc_ht=scontent-lhr11-1.xx&edm=ADk9D8YEAAAA&_nc_gid=j9CuP03-sO-o4Wd2MfdAlw&_nc_tpa=Q5bMBQGRjy9yDNsocQpakKb7vj0sg641cpPzWDytYyPHpnyyvAMzRS8TyAUhIxYtyli_i4HMb6jM-dIe&oh=00_AQFAwRDOlvA3e01nYBvPtDk2YMZg--MPkQzNxJ89DbRurw&oe=6A737B77","https://www.facebook.com/reel/906155749058087/","Most people talk about dispensing errors like they’re a staffing problem.

More checks. More pressure. More people trying to be more careful.

But that misses the point.

Because when near misses keep happening, it usually is not because the team does not care.

It is because the system is asking human beings to hold too much together.

That was the reality for Asif on ProScript.

“We would have between 5 to 6 near misses a month easily on ProScript.”

Same pharmacy.
Same responsibility.
Different system.

“I’ve had 2 since we’ve had Titan… and that’s in a year. And they were human errors”

That is the shift.

The problem was never effort.
The problem was the workflow.

“Now I have 0 worries. Honestly it’s the best thing that’s happened.”

Good pharmacy software should not just save clicks.
It should make the pharmacy safer to run.

Titan does that.

#TitanPMR #CommunityPharmacy #PatientSafety",2026-03-13 07:00,24,0,0,0,,"109.2","4.55"
"https://scontent-lhr11-1.xx.fbcdn.net/v/t15.5256-10/649868031_1432901271667883_6154600557773551302_n.jpg?stp=dst-jpg_s160x160_tt6&_nc_cat=110&ccb=1-7&_nc_sid=200999&_nc_ohc=wEs-DfH4ZAgQ7kNvwFnQFVe&_nc_oc=Adq1cgBWUQlGTnr0Dk7RSRUGay8SREs_fFtgwTBLqPIyIqag1jt1uR6Zr9OSINn3mdc&_nc_zt=23&_nc_ht=scontent-lhr11-1.xx&edm=ADk9D8YEAAAA&_nc_gid=j9CuP03-sO-o4Wd2MfdAlw&_nc_tpa=Q5bMBQHgIhthj0gCeG4ZkN2lGoOFcXWI5yHKsdguXLhKc5EG7ksrg9M39d6a2mo5V3XROy3pZ5p4_8Go&oh=00_AQED-FaBbmZC447hX7zr4dNlsp4LKtWoYNviZMpa-2UrNw&oe=6A736BC9","https://www.facebook.com/reel/803007435567628/","Don't miss your chance to register.

Limited capacity. Verified Titan customers only.

Head to titanup.club to register!

Birmingham. June 7th.

#TitanUp2026 #CommunityPharmacy #PharmacyOwners",2026-03-11 11:00,18,0,0,0,,"32.25","1.79"
"https://scontent-lhr6-1.xx.fbcdn.net/v/t15.5256-10/645644180_2422456871559338_3945716147535809182_n.jpg?stp=dst-jpg_p160x160_tt6&_nc_cat=102&ccb=1-7&_nc_sid=200999&_nc_ohc=ffI59FBBDNcQ7kNvwFxJiGf&_nc_oc=AdpFyZPHBPRvoYtEV655oQNe9N2RpHcLTf7MM3UDPOXcFujeNqKoWvUoDlwstuZSgrM&_nc_zt=23&_nc_ht=scontent-lhr6-1.xx&edm=ADk9D8YEAAAA&_nc_gid=j9CuP03-sO-o4Wd2MfdAlw&_nc_tpa=Q5bMBQFzy7eFd1RnY8LN18fE7uKsH7mwzhhCeQmuGKPIeO-JZC3Lq7YOTecbwUaLjeMUAcWUeWY76wC-&oh=00_AQFpcDMJOdPFc1m3pvJNcDa3NbE4V4AAevI5qj1mTOJcZg&oe=6A73793E","https://www.facebook.com/reel/2725106417865422/","Started implementation November. Last branch live by October.

""Absolutely fantastic. Really well received by our staff.""

That's the part nobody warns you about when you switch PMR systems.

Sometimes the team actually likes the new one.

#TitanPMR #PharmacyTok #PharmacyTeam #SystemSwitch #FYP",2026-03-10 07:00,97,0,0,0,,"387.55","4"
"https://scontent-lhr11-1.xx.fbcdn.net/v/t15.5256-10/647344323_2414003139012723_70310161871690352_n.jpg?stp=dst-jpg_p160x160_tt6&_nc_cat=107&ccb=1-7&_nc_sid=200999&_nc_ohc=dsOAdSwBHlQQ7kNvwFBRfGE&_nc_oc=Ado-dxbOVer5SQS_iQtLQ2C7J7tRIALoBWAfIw7sIXvUcA2EM46eajc9ZOPpw01yn4I&_nc_zt=23&_nc_ht=scontent-lhr11-1.xx&edm=ADk9D8YEAAAA&_nc_gid=P4DIRQbJt7PWanm8FnfEig&_nc_tpa=Q5bMBQFSKh954Yr5JEzX6IfxDVT8LYg2RFlTFfsOnK3nq_fvNdM7WGU1Qfyjoo9unW8gidEj1N5XupzR&oh=00_AQGT-w8tojwRQnx0UAgP0uH7LxAYryh9raNp91HiL7XyqQ&oe=6A7371EB","https://www.facebook.com/reel/1739909623635793/","""It's limitless to what you can do in your pharmacy.""

That's Rahul. Pharmacist. Superintendent. Clinical thinker.

He didn't wait for pharmacy to hand him a blueprint.

He rebuilt his pharmacy around clinical services himself.

Consultations. Diagnostics. Prescribing.

Running it as a clinical hub long before the infrastructure existed to support it.

Titanverse gave him that infrastructure.

Consultation workflows. Prescribing pathways. Governance that runs in the background.

The vision was always his.

Titanverse just made it scalable.

#Titanverse #ClinicalPharmacy #PharmacyServices #ModernPharmacy #CommunityPharmacy",2026-03-09 07:00,124,0,0,0,,"411.06","3.31"
"https://scontent-lhr6-2.xx.fbcdn.net/v/t15.5256-10/644770926_903810145873992_6141409916991402356_n.jpg?stp=dst-jpg_p160x160_tt6&_nc_cat=109&ccb=1-7&_nc_sid=200999&_nc_ohc=W9DfWK-VYfIQ7kNvwEzBfDd&_nc_oc=AdpR07Qt_bJf0XwHKEgDF8XMUDRpUriNdohA1bXbaAk3jWu1gJ07kAhqtmA_Reb2wjc&_nc_zt=23&_nc_ht=scontent-lhr6-2.xx&edm=ADk9D8YEAAAA&_nc_gid=P4DIRQbJt7PWanm8FnfEig&_nc_tpa=Q5bMBQGduPmgepKpjWcveiT9vN8cXPBIzMCGM0rdsTERvz3S8fHJp4HG-3kFEdoN8KifwgfXj8t8Lmav&oh=00_AQEnxX6mwIi0g8-R18d8H9nRdFy6LrooP7yw4CvWr1l3bQ&oe=6A73775A","https://www.facebook.com/reel/1313726853899218/","Pharmacists didn’t qualify to spend an hour doing stock checks.

But that’s exactly what Stefan used to do.

Print the stock list.
Walk to the cabinets.
Tick everything off on paper.
Then go back to the register and type it all in again.

45 minutes. Sometimes an hour.

Now he runs the balance check on Titan Mobile.

Sat in front of the register.
10 to 15 minutes.

“That’s another massive time saving. Time I can spend on patient care.”

This is the real shift with Titan.

Less time stuck in the dispensary.
More time being a pharmacist.

#TitanPMR #CommunityPharmacy #PharmacyLife #PharmacyBusiness",2026-03-05 07:00,167,0,0,0,,"807.95","4.84"
"https://scontent-lhr6-2.xx.fbcdn.net/v/t15.5256-10/645639166_1315297590536603_1695080116714496744_n.jpg?stp=dst-jpg_p160x160_tt6&_nc_cat=109&ccb=1-7&_nc_sid=200999&_nc_ohc=T8wNiwYtR4EQ7kNvwFZQcyr&_nc_oc=AdqBd1k3Y-TvSRmtIoW8QXP_SpgnEdKeMbteptD7QQRzqp4nM3rx4-5tP2Vxrrwa6Rg&_nc_zt=23&_nc_ht=scontent-lhr6-2.xx&edm=ADk9D8YEAAAA&_nc_gid=P4DIRQbJt7PWanm8FnfEig&_nc_tpa=Q5bMBQHSaFCPn8SHCfih8ki-mk2FRbc7B6S7NiPDfAbUnNhVgFnyarJGfsLtRfLLaOudGWWCOXMhUqO0&oh=00_AQEPgD2efJhyhUYJEaWxEO3AcosEgOUaoFrIDB83BGVBlw&oe=6A7348ED","https://www.facebook.com/reel/1575847236868050/","TITAN UP 26 is here 🚀

A room full of pharmacy owners already building the next generation of pharmacy businesses.

AI.
Services.
Operational scale.
Real profit.

📍 Birmingham
📅 June 7th 2026

Limited capacity. Verified TITAN customers only.

Register now: titanup.club

#TitanUp26 #TitanPMR #CommunityPharmacy #PharmacyBusiness",2026-03-04 07:00,21,0,0,0,,"1379.19","65.67"
"https://scontent-lhr6-2.xx.fbcdn.net/v/t15.5256-10/645556331_794758359737468_2730221696582573802_n.jpg?stp=dst-jpg_p160x160_tt6&_nc_cat=105&ccb=1-7&_nc_sid=200999&_nc_ohc=T8_OdDUKH2sQ7kNvwHy-L4e&_nc_oc=AdoxV1RSbtkpBff4f_XevRwK3wqRHjvDzGwX0sN3wzUBkYKfHV40ntxhQYDLC9TmflI&_nc_zt=23&_nc_ht=scontent-lhr6-2.xx&edm=ADk9D8YEAAAA&_nc_gid=P4DIRQbJt7PWanm8FnfEig&_nc_tpa=Q5bMBQFpU1CAnVO4iL_v_AJ4aWxgRV49xgI0YX8Mg4qAYJiDWvjUkTnG5RauCRXI19ffkQjbACUz-MvU&oh=00_AQHdylXfPssrT2xt0krMMJrDwbPnVArCWeGzRfCERHzksw&oe=6A735781","https://www.facebook.com/reel/2077572202977209/","All pharmacists know that feeling.

You’re in the consultation… but you’re not really in it.

Rahul put it plainly.

“If I’m being totally honest with you… you’re either typing something, not looking at the patient, or you’re scribbling things down.”

“Note-taking was, in fairness, pretty poor.”

He was already running clinics across two branches. Already using systems. Already building structure around them.

What he didn’t realise was how much friction sat between them.

When Titan, Titanverse and demdx came together properly, everything moved under one roof.

Pre-consult questionnaires built in.
Appointment confirmations sent automatically.
Follow-ups handled inside the same system.

And then the shift that changed the room:

AI transcription.

“It’s just saved probably about 10 to 20 minutes per patient.”

Not rough notes.
Not something to tidy up later.
High-quality documentation done in the background.

“Now we can maintain good eye contact with the patient, build a really good rapport.”

The result?

Double the consultations.
Higher standard of care.
Safer environment for the patient.

“People still regard pharmacies as chemists where we’re now clinical diagnostic hubs.”

That leap doesn’t happen because you work harder.

It happens when your systems finally work together.

#Titanverse #CommunityPharmacy #ClinicalServices #PharmacyBusiness",2026-03-03 07:00,30,0,0,0,,"152.37","5.08"
"https://scontent-lhr6-1.xx.fbcdn.net/v/t15.5256-10/643586834_2373112063194516_7709365277054913557_n.jpg?stp=dst-jpg_p160x160_tt6&_nc_cat=102&ccb=1-7&_nc_sid=200999&_nc_ohc=Nw0fOD0F0OsQ7kNvwGzGLL-&_nc_oc=Adr0PCvw9RbTdgbcBpNAi_YzKR-CiejX4Nl-gTYsODplfMFvxWqzzdbf3Usf77koQfY&_nc_zt=23&_nc_ht=scontent-lhr6-1.xx&edm=ADk9D8YEAAAA&_nc_gid=P4DIRQbJt7PWanm8FnfEig&_nc_tpa=Q5bMBQH6Brw5vqKIcrDPUNHw_9_xHnhKMwVvnhM0NtIQ65pzMDEk6UJBf1186yb1OWhdxQQjTN3d9JqG&oh=00_AQG7-2u5vl1_PBM6vndFltF5PSHYLYgY2GDVjKn3FRHmRQ&oe=6A737061","https://www.facebook.com/reel/1929569310975784/","Some of you missed it. Here's your chance. 👀",2026-02-27 13:01,21,0,0,0,,"103.4","4.92"
"https://scontent-lhr6-1.xx.fbcdn.net/v/t15.5256-10/640747301_1296256035658151_4010712305343859721_n.jpg?stp=dst-jpg_p160x160_tt6&_nc_cat=102&ccb=1-7&_nc_sid=200999&_nc_ohc=ercDwHvGfjIQ7kNvwGwvegZ&_nc_oc=Adq5PpO58QQ8IBHd9kgH5b3yXaiVOYstDkdHPURPdY_siGLY4OO-jlBtxkh9yjqkKq8&_nc_zt=23&_nc_ht=scontent-lhr6-1.xx&edm=ADk9D8YEAAAA&_nc_gid=P4DIRQbJt7PWanm8FnfEig&_nc_tpa=Q5bMBQFHTSdX5KKpxYGh-uEiL5sLadGSz7yQGZL4iap_URnFLbclEGNqfjqGnbAx9SUN9sloIqwiom0V&oh=00_AQGFCcTbn9V2QYC6aIB3iCJbCFGsk7pSJh4zp-PBHnhySQ&oe=6A73519D","https://www.facebook.com/reel/949511520839606/","Simple cash flow trick most pharmacy owners miss.

#TitanPMR #PharmacyTok #PharmacyBusiness #CashFlow #FYP",2026-02-25 09:31,109,0,1,0,,"651.38","5.97"
"https://scontent-lhr6-1.xx.fbcdn.net/v/t15.5256-10/624493736_1138978741522470_5596532405468596653_n.jpg?stp=dst-jpg_p160x160_tt6&_nc_cat=102&ccb=1-7&_nc_sid=200999&_nc_ohc=0KfKAxqWtbgQ7kNvwHH60F1&_nc_oc=AdqS5SmPAkbRVfUZ8-FWS4Uvxu8wzOWiYrtaLU8kxu-VIlMDosiSG0NBJd4EV5ONy0A&_nc_zt=23&_nc_ht=scontent-lhr6-1.xx&edm=ADk9D8YEAAAA&_nc_gid=P4DIRQbJt7PWanm8FnfEig&_nc_tpa=Q5bMBQHeLRwnV8NC5fSVPD16MxctF4kvCJp306Yp0jwD9jfdKRJKB9p1Pxz6TkiNQIhaKuHMtj89EIaZ&oh=00_AQEftR_U4su2kanoJDLPi4EagpbiYrzSqeU2hqRniuf6hA&oe=6A735E7F","https://www.facebook.com/reel/836204972790707/","The struggle is real 😅#PharmacyLife #PharmacyTikTok #HealthcareWorkers",2026-02-04 20:08,235,0,1,1,,"1831.47","7.79"
"https://scontent-lhr11-1.xx.fbcdn.net/v/t15.5256-10/623014767_893864049891352_3470472721870002020_n.jpg?stp=dst-jpg_p160x160_tt6&_nc_cat=104&ccb=1-7&_nc_sid=200999&_nc_ohc=M0a2tMvUREkQ7kNvwE2NlA_&_nc_oc=AdoDYLiYkfYGwrWJDVAhFMgmJ5TrJ1MyeTLZE_Dk-vhnah_cvkvVRO9mrdASOTnzZYw&_nc_zt=23&_nc_ht=scontent-lhr11-1.xx&edm=ADk9D8YEAAAA&_nc_gid=P4DIRQbJt7PWanm8FnfEig&_nc_tpa=Q5bMBQFhIM_uanSnFVROd4asJ23L3PQC27bwmDgVwh2bU_-F6GgU2vUeJWVQkLTzFnl2QmHZlIN7XE7g&oh=00_AQFB5hWUn0EFzNeya5OFxnrVdytafbSznb42lRiv6Zhurw&oe=6A7376FA","https://www.facebook.com/reel/905413348663013/","£158 million NHS clawback.Announced days before Christmas. Calculated across the whole sector, not individual pharmacy performance.  Fair?",2026-01-29 00:03,28,0,0,0,,"199.04","7.11"
"https://scontent-lhr11-1.xx.fbcdn.net/v/t15.5256-10/474754417_1656980641582935_5178430161493444580_n.jpg?stp=dst-jpg_p160x160_tt6&_nc_cat=104&ccb=1-7&_nc_sid=200999&_nc_ohc=IHaitYHaypEQ7kNvwEC3X_Q&_nc_oc=Adr9uEb3Pr7w3kxDePNrF8ZpPzwYaOIBoIAeKqkESzxmkDDoXKmVySaNLhEm-ekDVlA&_nc_zt=23&_nc_ht=scontent-lhr11-1.xx&edm=ADk9D8YEAAAA&_nc_gid=P4DIRQbJt7PWanm8FnfEig&_nc_tpa=Q5bMBQHpTJzMLra9e0dZCcttznf4oCM7UbcJ34IWpHn7rUfOsvpQayjEJUqu6C7hMc6C3NBPlNneF67M&oh=00_AQHN4s9Ddgfwz8x6Kbx-YtszmlBhjmP1XvZ04URKS6DFWA&oe=6A737228","https://www.facebook.com/reel/985073896883963/","Pharmacists only need to be involved in 20% of accuracy checks

Freeing up time to focus on NHS priorities and deliver better patient care.

Thank you to Andy for sharing how TITAN AI has transformed his pharmacy’s operations. We wish you continued success!

Learn more at titanpmr.com

#PharmacyInnovation #TITANAI #StreamlinedWorkflows #BetterPatientCare #PharmacyUK #Pharmacist #Dispenser",2025-01-21 17:57,54,0,0,0,,"253.12","4.69"
"https://scontent-lhr6-2.xx.fbcdn.net/v/t15.5256-10/472911504_1409460993364764_6559892376457499927_n.jpg?stp=dst-jpg_p160x160_tt6&_nc_cat=105&ccb=1-7&_nc_sid=200999&_nc_ohc=PpSCohkQFJgQ7kNvwHHlN6c&_nc_oc=AdrFdhWdsy1Bc9-qvx9WOhuaxvsj6PMYa1Uexd5ETIjti47gQLDsa71RFf_oW4SdKWE&_nc_zt=23&_nc_ht=scontent-lhr6-2.xx&edm=ADk9D8YEAAAA&_nc_gid=P4DIRQbJt7PWanm8FnfEig&_nc_tpa=Q5bMBQE1ZPmIhDZJazDvSxj4HitByEaycm7xrysSRDUI2Evj9mIiJES8I3VExSf7k0HdbkEIzQvyvS5g&oh=00_AQG49-G06ZzEwl511-Dfho76UMZOK-65MpLzdW6O0U7QNg&oe=6A7368FB","https://www.facebook.com/reel/441234995732029/","Say goodbye to pharmacy errors with TITAN! 🚫💊 Our advanced AI and barcode tech ensure every prescription is checked, safe, and error-free. 💻✨ Experience smoother workflows and focus on what matters most—your patients! 🌟 

#PharmacyTech #PatientSafety #TITANAdvantage",2025-01-08 10:47,108,0,0,0,,"668.91","6.19"
